indicatorId,geoUnit,year,value,qualifier,magnitude
MYS.1T8.AG25T99,ABW,1991,6.920000076293945,,
MYS.1T8.AG25T99,ABW,2000,8.609999656677246,,
MYS.1T8.AG25T99,ABW,2010,8.359999656677246,,
MYS.1T8.AG25T99,ABW,2023,10.39223003387451,,
MYS.1T8.AG25T99,AFG,1975,0.7400000095367432,,
MYS.1T8.AG25T99,AFG,1979,0.8299999833106995,,
MYS.1T8.AG25T99,AFG,2015,2.12431001663208,,
MYS.1T8.AG25T99,AFG,2021,2.990000009536743,,
MYS.1T8.AG25T99,AFG,2022,2.514790058135986,,
MYS.1T8.AG25T99,AGO,2014,3.990000009536743,,
MYS.1T8.AG25T99,AIA,2001,10.47000026702881,,
MYS.1T8.AG25T99,ALB,2001,8.819999694824219,,
MYS.1T8.AG25T99,ALB,2008,9.279999732971191,,
MYS.1T8.AG25T99,ALB,2011,9.800000190734863,,
MYS.1T8.AG25T99,ALB,2012,10.02999973297119,,
MYS.1T8.AG25T99,ALB,2017,9.976699829101562,,
MYS.1T8.AG25T99,ALB,2023,11.02999973297119,,
MYS.1T8.AG25T99,AND,2003,9.9399995803833,,
MYS.1T8.AG25T99,AND,2004,10.57999992370605,,
MYS.1T8.AG25T99,AND,2005,9.970000267028809,,
MYS.1T8.AG25T99,AND,2006,10.27999973297119,,
MYS.1T8.AG25T99,AND,2014,10.48999977111816,,
MYS.1T8.AG25T99,AND,2015,10.42000007629395,,
MYS.1T8.AG25T99,AND,2016,10.39999961853027,,
MYS.1T8.AG25T99,AND,2022,11.60999965667725,,
MYS.1T8.AG25T99,ARE,1975,2.970000028610229,,
MYS.1T8.AG25T99,ARE,2005,8.989999771118164,,
MYS.1T8.AG25T99,ARE,2016,10.84000015258789,,
MYS.1T8.AG25T99,ARE,2017,12.0600004196167,,
MYS.1T8.AG25T99,ARE,2018,12.47999954223633,,
MYS.1T8.AG25T99,ARE,2019,12.6899995803833,,
MYS.1T8.AG25T99,ARE,2021,12.77000045776367,,
MYS.1T8.AG25T99,ARE,2022,12.98999977111816,,
MYS.1T8.AG25T99,ARE,2023,13.35999965667725,,
MYS.1T8.AG25T99,ARE,2024,13.27999973297119,,
MYS.1T8.AG25T99,ARG,1970,5.989999771118164,,
MYS.1T8.AG25T99,ARG,1980,6.800000190734863,,
MYS.1T8.AG25T99,ARG,1991,8.1899995803833,,
MYS.1T8.AG25T99,ARG,2001,8.869999885559082,,
MYS.1T8.AG25T99,ARG,2003,9.920000076293945,,
MYS.1T8.AG25T99,ARG,2006,10.1899995803833,,
MYS.1T8.AG25T99,ARG,2008,10.40999984741211,,
MYS.1T8.AG25T99,ARG,2009,10.53999996185303,,
MYS.1T8.AG25T99,ARG,2010,10.60000038146973,,
MYS.1T8.AG25T99,ARG,2011,10.69999980926514,,
MYS.1T8.AG25T99,ARG,2012,10.78999996185303,,
MYS.1T8.AG25T99,ARG,2013,10.89000034332275,,
MYS.1T8.AG25T99,ARG,2014,10.90999984741211,,
MYS.1T8.AG25T99,ARG,2015,10.92000007629395,,
MYS.1T8.AG25T99,ARG,2016,10.93000030517578,,
MYS.1T8.AG25T99,ARG,2018,11.10000038146973,,
MYS.1T8.AG25T99,ARG,2020,11.14000034332275,,
MYS.1T8.AG25T99,ARM,2001,10.48999977111816,,
MYS.1T8.AG25T99,ARM,2011,11.1899995803833,,
MYS.1T8.AG25T99,ARM,2017,11.1899995803833,,
MYS.1T8.AG25T99,ARM,2020,11.32999992370605,,
MYS.1T8.AG25T99,ASM,1974,9.15999984741211,,
MYS.1T8.AG25T99,ASM,1980,9.039999961853027,,
MYS.1T8.AG25T99,ASM,1990,10.56999969482422,,
MYS.1T8.AG25T99,ATG,2021,11.64750003814697,,
MYS.1T8.AG25T99,AUS,1971,9.1899995803833,,
MYS.1T8.AG25T99,AUS,2004,11.51000022888184,,
MYS.1T8.AG25T99,AUS,2005,11.55000019073486,,
MYS.1T8.AG25T99,AUS,2006,11.64000034332275,,
MYS.1T8.AG25T99,AUS,2007,11.72999954223633,,
MYS.1T8.AG25T99,AUS,2008,11.9399995803833,,
MYS.1T8.AG25T99,AUS,2009,11.98999977111816,,
MYS.1T8.AG25T99,AUS,2010,12.02999973297119,,
MYS.1T8.AG25T99,AUS,2011,12.11999988555908,,
MYS.1T8.AG25T99,AUS,2012,12.30000019073486,,
MYS.1T8.AG25T99,AUS,2013,12.02000045776367,,
MYS.1T8.AG25T99,AUS,2014,12.17000007629395,,
MYS.1T8.AG25T99,AUS,2015,12.25,,
MYS.1T8.AG25T99,AUS,2016,12.35000038146973,,
MYS.1T8.AG25T99,AUS,2017,12.31999969482422,,
MYS.1T8.AG25T99,AUS,2018,12.46000003814697,,
MYS.1T8.AG25T99,AUS,2019,12.5600004196167,,
MYS.1T8.AG25T99,AUS,2020,12.64000034332275,,
MYS.1T8.AG25T99,AUS,2021,12.77999973297119,,
MYS.1T8.AG25T99,AUS,2022,12.86999988555908,,
MYS.1T8.AG25T99,AUT,1971,9.619999885559082,,
MYS.1T8.AG25T99,AUT,1981,10.14000034332275,,
MYS.1T8.AG25T99,AUT,1991,10.28999996185303,,
MYS.1T8.AG25T99,AUT,2005,11.5600004196167,,
MYS.1T8.AG25T99,AUT,2007,11.52999973297119,,
MYS.1T8.AG25T99,AUT,2008,11.47000026702881,,
MYS.1T8.AG25T99,AUT,2009,11.67000007629395,,
MYS.1T8.AG25T99,AUT,2010,11.71000003814697,,
MYS.1T8.AG25T99,AUT,2011,11.71000003814697,,
MYS.1T8.AG25T99,AUT,2012,11.75,,
MYS.1T8.AG25T99,AUT,2013,11.78999996185303,,
MYS.1T8.AG25T99,AUT,2014,12.01000022888184,,
MYS.1T8.AG25T99,AUT,2015,12.07999992370605,,
MYS.1T8.AG25T99,AUT,2016,12.10999965667725,,
MYS.1T8.AG25T99,AUT,2017,12.15999984741211,,
MYS.1T8.AG25T99,AUT,2019,12.26000022888184,,
MYS.1T8.AG25T99,AZE,1999,10.26000022888184,,
MYS.1T8.AG25T99,AZE,2007,10.57999992370605,,
MYS.1T8.AG25T99,AZE,2008,10.59000015258789,,
MYS.1T8.AG25T99,AZE,2009,10.59000015258789,,
MYS.1T8.AG25T99,AZE,2010,10.60999965667725,,
MYS.1T8.AG25T99,AZE,2011,10.60999965667725,,
MYS.1T8.AG25T99,AZE,2012,10.60999965667725,,
MYS.1T8.AG25T99,AZE,2013,10.56999969482422,,
MYS.1T8.AG25T99,AZE,2014,10.56999969482422,,
MYS.1T8.AG25T99,AZE,2015,10.56999969482422,,
MYS.1T8.AG25T99,AZE,2016,10.64999961853027,,
MYS.1T8.AG25T99,AZE,2017,10.64000034332275,,
MYS.1T8.AG25T99,AZE,2018,10.64000034332275,,
MYS.1T8.AG25T99,AZE,2019,10.64000034332275,,
MYS.1T8.AG25T99,AZE,2023,11.06999969482422,,
MYS.1T8.AG25T99,BDI,1990,1.460000038146973,,
MYS.1T8.AG25T99,BDI,2008,2.430000066757202,,
MYS.1T8.AG25T99,BDI,2014,2.029999971389771,,
MYS.1T8.AG25T99,BDI,2017,2.799999952316284,,
MYS.1T8.AG25T99,BEL,1970,7.420000076293945,,
MYS.1T8.AG25T99,BEL,2006,11.05000019073486,,
MYS.1T8.AG25T99,BEL,2008,11.18000030517578,,
MYS.1T8.AG25T99,BEL,2009,11.31999969482422,,
MYS.1T8.AG25T99,BEL,2010,11.42000007629395,,
MYS.1T8.AG25T99,BEL,2011,11.47000026702881,,
MYS.1T8.AG25T99,BEL,2012,11.5,,
MYS.1T8.AG25T99,BEL,2013,11.53999996185303,,
MYS.1T8.AG25T99,BEL,2014,11.64000034332275,,
MYS.1T8.AG25T99,BEL,2015,11.89000034332275,,
MYS.1T8.AG25T99,BEL,2016,11.98999977111816,,
MYS.1T8.AG25T99,BEL,2017,12.23999977111816,,
MYS.1T8.AG25T99,BEL,2019,12.38000011444092,,
MYS.1T8.AG25T99,BEN,1979,0.6600000262260437,,
MYS.1T8.AG25T99,BEN,1992,1.610000014305115,,
MYS.1T8.AG25T99,BEN,2002,2.460000038146973,,
MYS.1T8.AG25T99,BEN,2017,2.65024995803833,,
MYS.1T8.AG25T99,BEN,2021,3.194200038909912,,
MYS.1T8.AG25T99,BFA,2006,1.320000052452087,,
MYS.1T8.AG25T99,BFA,2007,0.9800000190734863,,
MYS.1T8.AG25T99,BFA,2014,1.289999961853027,,
MYS.1T8.AG25T99,BFA,2018,1.919999957084656,,
MYS.1T8.AG25T99,BFA,2019,2.099999904632568,,
MYS.1T8.AG25T99,BFA,2021,2.266550064086914,,
MYS.1T8.AG25T99,BGD,1974,1.230000019073486,,
MYS.1T8.AG25T99,BGD,1981,2.069999933242798,,
MYS.1T8.AG25T99,BGD,2001,4.400000095367432,,
MYS.1T8.AG25T99,BGD,2011,5.199999809265137,,
MYS.1T8.AG25T99,BGD,2012,5.300000190734863,,
MYS.1T8.AG25T99,BGD,2013,5.059999942779541,,
MYS.1T8.AG25T99,BGD,2014,5.190000057220459,,
MYS.1T8.AG25T99,BGD,2015,5.989999771118164,,
MYS.1T8.AG25T99,BGD,2016,6.110000133514404,,
MYS.1T8.AG25T99,BGD,2017,6.269999980926514,,
MYS.1T8.AG25T99,BGD,2018,6.389999866485596,,
MYS.1T8.AG25T99,BGD,2019,6.550000190734863,,
MYS.1T8.AG25T99,BGD,2020,7.099999904632568,,
MYS.1T8.AG25T99,BGD,2021,6.789999961853027,,
MYS.1T8.AG25T99,BGR,1975,4.630000114440918,,
MYS.1T8.AG25T99,BGR,1992,7.369999885559082,,
MYS.1T8.AG25T99,BGR,2001,10.03999996185303,,
MYS.1T8.AG25T99,BGR,2006,10.42000007629395,,
MYS.1T8.AG25T99,BGR,2007,10.53999996185303,,
MYS.1T8.AG25T99,BGR,2008,10.59000015258789,,
MYS.1T8.AG25T99,BGR,2009,10.64000034332275,,
MYS.1T8.AG25T99,BGR,2010,10.72000026702881,,
MYS.1T8.AG25T99,BGR,2011,10.77999973297119,,
MYS.1T8.AG25T99,BGR,2012,10.89999961853027,,
MYS.1T8.AG25T99,BGR,2013,11.01000022888184,,
MYS.1T8.AG25T99,BGR,2014,11.05000019073486,,
MYS.1T8.AG25T99,BGR,2015,11.1899995803833,,
MYS.1T8.AG25T99,BGR,2016,11.22999954223633,,
MYS.1T8.AG25T99,BGR,2017,11.23999977111816,,
MYS.1T8.AG25T99,BGR,2020,11.40999984741211,,
MYS.1T8.AG25T99,BHR,1971,2.109999895095825,,
MYS.1T8.AG25T99,BHR,1991,5.739999771118164,,
MYS.1T8.AG25T99,BHR,2001,8.979999542236328,,
MYS.1T8.AG25T99,BHR,2010,8.40999984741211,,
MYS.1T8.AG25T99,BHR,2016,9.699999809265137,,
MYS.1T8.AG25T99,BHR,2017,9.979999542236328,,
MYS.1T8.AG25T99,BHR,2018,10.97999954223633,,
MYS.1T8.AG25T99,BHR,2020,11.43000030517578,,
MYS.1T8.AG25T99,BHR,2022,11.60000038146973,,
MYS.1T8.AG25T99,BHR,2023,11.57999992370605,,
MYS.1T8.AG25T99,BHR,2024,11.53999996185303,,
MYS.1T8.AG25T99,BHS,1990,10.01000022888184,,
MYS.1T8.AG25T99,BHS,2000,11.03999996185303,,
MYS.1T8.AG25T99,BHS,2010,11.85999965667725,,
MYS.1T8.AG25T99,BHS,2019,12.28244972229004,,
MYS.1T8.AG25T99,BIH,2010,7.110000133514404,,
MYS.1T8.AG25T99,BIH,2011,7.239999771118164,,
MYS.1T8.AG25T99,BIH,2014,9.1899995803833,,
MYS.1T8.AG25T99,BIH,2015,9.289999961853027,,
MYS.1T8.AG25T99,BIH,2016,9.6899995803833,,
MYS.1T8.AG25T99,BIH,2018,9.8100004196167,,
MYS.1T8.AG25T99,BIH,2020,10.53999996185303,,
MYS.1T8.AG25T99,BIH,2022,10.97000026702881,,
MYS.1T8.AG25T99,BLR,1970,6.21999979019165,,
MYS.1T8.AG25T99,BLR,1989,6.909999847412109,,
MYS.1T8.AG25T99,BLR,2009,11.23999977111816,,
MYS.1T8.AG25T99,BLR,2019,12.14000034332275,,
MYS.1T8.AG25T99,BLZ,1970,4.619999885559082,,
MYS.1T8.AG25T99,BLZ,1980,5.03000020980835,,
MYS.1T8.AG25T99,BLZ,1991,5.619999885559082,,
MYS.1T8.AG25T99,BLZ,2005,7.949999809265137,,
MYS.1T8.AG25T99,BLZ,2010,8.569999694824219,,
MYS.1T8.AG25T99,BLZ,2015,8.923430442810059,,
MYS.1T8.AG25T99,BLZ,2020,8.829999923706055,,
MYS.1T8.AG25T99,BLZ,2022,8.449999809265137,,
MYS.1T8.AG25T99,BMU,1970,8.65999984741211,,
MYS.1T8.AG25T99,BMU,1991,10.89000034332275,,
MYS.1T8.AG25T99,BMU,2000,12.82999992370605,,
MYS.1T8.AG25T99,BMU,2010,12.02999973297119,,
MYS.1T8.AG25T99,BMU,2016,13.02999973297119,,
MYS.1T8.AG25T99,BOL,1976,3.609999895095825,,
MYS.1T8.AG25T99,BOL,1992,6.210000038146973,,
MYS.1T8.AG25T99,BOL,2000,7.02,,
MYS.1T8.AG25T99,BOL,2001,7.210000038146973,,
MYS.1T8.AG25T99,BOL,2002,6.76,,
MYS.1T8.AG25T99,BOL,2004,6.7,,
MYS.1T8.AG25T99,BOL,2005,7.26,,
MYS.1T8.AG25T99,BOL,2006,6.900000095367432,,
MYS.1T8.AG25T99,BOL,2007,7.87,,
MYS.1T8.AG25T99,BOL,2008,7.199999809265137,,
MYS.1T8.AG25T99,BOL,2009,7.480000019073486,,
MYS.1T8.AG25T99,BOL,2011,8.46,,
MYS.1T8.AG25T99,BOL,2012,8.170000076293945,,
MYS.1T8.AG25T99,BOL,2013,9.02,,
MYS.1T8.AG25T99,BOL,2014,8.46,,
MYS.1T8.AG25T99,BOL,2015,8.930000305175781,,
MYS.1T8.AG25T99,BOL,2016,8.73,,
MYS.1T8.AG25T99,BOL,2017,8.84,,
MYS.1T8.AG25T99,BOL,2018,8.96,,
MYS.1T8.AG25T99,BOL,2019,9.859999656677246,,
MYS.1T8.AG25T99,BOL,2020,9.829999923706055,,
MYS.1T8.AG25T99,BOL,2021,9.57,,
MYS.1T8.AG25T99,BOL,2023,10.18815994262695,,
MYS.1T8.AG25T99,BRA,1970,2.490000009536743,,
MYS.1T8.AG25T99,BRA,1976,2.430000066757202,,
MYS.1T8.AG25T99,BRA,1980,2.609999895095825,,
MYS.1T8.AG25T99,BRA,2001,6.85,,
MYS.1T8.AG25T99,BRA,2002,7.03,,
MYS.1T8.AG25T99,BRA,2003,7.17,,
MYS.1T8.AG25T99,BRA,2004,5.980000019073486,,
MYS.1T8.AG25T99,BRA,2005,7.41,,
MYS.1T8.AG25T99,BRA,2006,6.320000171661377,,
MYS.1T8.AG25T99,BRA,2007,6.5,,
MYS.1T8.AG25T99,BRA,2008,6.670000076293945,,
MYS.1T8.AG25T99,BRA,2009,6.769999980926514,,
MYS.1T8.AG25T99,BRA,2010,6.880000114440918,,
MYS.1T8.AG25T99,BRA,2011,7.010000228881836,,
MYS.1T8.AG25T99,BRA,2012,7.21999979019165,,
MYS.1T8.AG25T99,BRA,2013,7.289999961853027,,
MYS.1T8.AG25T99,BRA,2014,7.380000114440918,,
MYS.1T8.AG25T99,BRA,2015,7.510000228881836,,
MYS.1T8.AG25T99,BRA,2016,7.730000019073486,,
MYS.1T8.AG25T99,BRA,2017,7.849999904632568,,
MYS.1T8.AG25T99,BRA,2018,7.980000019073486,,
MYS.1T8.AG25T99,BRA,2019,9.64,,
MYS.1T8.AG25T99,BRA,2020,9.92,,
MYS.1T8.AG25T99,BRA,2021,10.01,,
MYS.1T8.AG25T99,BRA,2022,10.03,,
MYS.1T8.AG25T99,BRA,2023,10.06,,
MYS.1T8.AG25T99,BRB,1970,8.430000305175781,,
MYS.1T8.AG25T99,BRB,1980,8.630000114440918,,
MYS.1T8.AG25T99,BRB,2000,8.989999771118164,,
MYS.1T8.AG25T99,BRN,1971,3.670000076293945,,
MYS.1T8.AG25T99,BRN,1981,6.380000114440918,,
MYS.1T8.AG25T99,BRN,2011,11.5600004196167,,
MYS.1T8.AG25T99,BRN,2015,12.72126007080078,,
MYS.1T8.AG25T99,BTN,2012,2.220000028610229,,
MYS.1T8.AG25T99,BTN,2017,4.059999942779541,,
MYS.1T8.AG25T99,BWA,1971,1.340000033378601,,
MYS.1T8.AG25T99,BWA,2023,9.70164966583252,,
MYS.1T8.AG25T99,CAF,1975,1.480000019073486,,
MYS.1T8.AG25T99,CAF,1988,2.069999933242798,,
MYS.1T8.AG25T99,CAF,2019,3.929589986801147,,
MYS.1T8.AG25T99,CAN,1976,9.930000305175781,,
MYS.1T8.AG25T99,CAN,1981,10.56999969482422,,
MYS.1T8.AG25T99,CAN,1986,10.46000003814697,,
MYS.1T8.AG25T99,CAN,1991,10.92000007629395,,
MYS.1T8.AG25T99,CAN,2001,12.65999984741211,,
MYS.1T8.AG25T99,CAN,2006,13.31999969482422,,
MYS.1T8.AG25T99,CAN,2011,13.5600004196167,,
MYS.1T8.AG25T99,CAN,2016,13.72999954223633,,
MYS.1T8.AG25T99,CAN,2021,13.86999988555908,,
MYS.1T8.AG25T99,CHE,1980,7.550000190734863,,
MYS.1T8.AG25T99,CHE,2009,13.34000015258789,,
MYS.1T8.AG25T99,CHE,2010,13.31999969482422,,
MYS.1T8.AG25T99,CHE,2011,13.32999992370605,,
MYS.1T8.AG25T99,CHE,2012,13.40999984741211,,
MYS.1T8.AG25T99,CHE,2014,13.64000034332275,,
MYS.1T8.AG25T99,CHE,2015,13.71000003814697,,
MYS.1T8.AG25T99,CHE,2016,13.67000007629395,,
MYS.1T8.AG25T99,CHE,2018,13.80000019073486,,
MYS.1T8.AG25T99,CHE,2019,13.85999965667725,,
MYS.1T8.AG25T99,CHL,1970,5.71999979019165,,
MYS.1T8.AG25T99,CHL,1982,6.5,,
MYS.1T8.AG25T99,CHL,2000,9.66,,
MYS.1T8.AG25T99,CHL,2003,9.89,,
MYS.1T8.AG25T99,CHL,2004,9.699999809265137,,
MYS.1T8.AG25T99,CHL,2006,9.92,,
MYS.1T8.AG25T99,CHL,2007,9.8100004196167,,
MYS.1T8.AG25T99,CHL,2008,10.10999965667725,,
MYS.1T8.AG25T99,CHL,2009,10.32,,
MYS.1T8.AG25T99,CHL,2010,9.850000381469727,,
MYS.1T8.AG25T99,CHL,2011,9.539999961853027,,
MYS.1T8.AG25T99,CHL,2013,10.01000022888184,,
MYS.1T8.AG25T99,CHL,2015,10.26000022888184,,
MYS.1T8.AG25T99,CHL,2017,10.59000015258789,,
MYS.1T8.AG25T99,CHL,2020,11.77,,
MYS.1T8.AG25T99,CHL,2022,11.94,,
MYS.1T8.AG25T99,CHN,1982,3.970000028610229,,
MYS.1T8.AG25T99,CHN,1990,4.139999866485596,,
MYS.1T8.AG25T99,CHN,2000,6.119999885559082,,
MYS.1T8.AG25T99,CHN,2010,7,,
MYS.1T8.AG25T99,CHN,2020,7.949999809265137,,
MYS.1T8.AG25T99,CIV,2014,4.679999828338623,,
MYS.1T8.AG25T99,CIV,2021,4.869999885559082,,
MYS.1T8.AG25T99,CMR,1976,1.639999985694885,,
MYS.1T8.AG25T99,CMR,2007,3.490000009536743,,
MYS.1T8.AG25T99,CMR,2010,4.119999885559082,,
MYS.1T8.AG25T99,CMR,2018,6.419710159301758,,
MYS.1T8.AG25T99,COD,1984,3.069999933242798,,
MYS.1T8.AG25T99,COD,2013,5.960000038146973,,
MYS.1T8.AG25T99,COD,2016,6.760000228881836,,
MYS.1T8.AG25T99,COD,2018,7.047560214996338,,
MYS.1T8.AG25T99,COG,1984,3.200000047683716,,
MYS.1T8.AG25T99,COG,2015,8.157099723815918,,
MYS.1T8.AG25T99,COK,1971,5.639999866485596,,
MYS.1T8.AG25T99,COK,2006,9.890000343322754,,
MYS.1T8.AG25T99,COL,1993,6.5,,
MYS.1T8.AG25T99,COL,2002,7.14,,
MYS.1T8.AG25T99,COL,2003,7.24,,
MYS.1T8.AG25T99,COL,2004,7.070000171661377,,
MYS.1T8.AG25T99,COL,2005,7.28000020980835,,
MYS.1T8.AG25T99,COL,2006,6.800000190734863,,
MYS.1T8.AG25T99,COL,2007,7.190000057220459,,
MYS.1T8.AG25T99,COL,2008,7.320000171661377,,
MYS.1T8.AG25T99,COL,2009,7.25,,
MYS.1T8.AG25T99,COL,2010,7.389999866485596,,
MYS.1T8.AG25T99,COL,2011,7.519999980926514,,
MYS.1T8.AG25T99,COL,2012,7.630000114440918,,
MYS.1T8.AG25T99,COL,2013,7.829999923706055,,
MYS.1T8.AG25T99,COL,2014,7.989999771118164,,
MYS.1T8.AG25T99,COL,2015,8.050000190734863,,
MYS.1T8.AG25T99,COL,2016,8.220000267028809,,
MYS.1T8.AG25T99,COL,2017,8.51,,
MYS.1T8.AG25T99,COL,2018,8.5,,
MYS.1T8.AG25T99,COL,2019,8.640000343322754,,
MYS.1T8.AG25T99,COL,2020,8.859999656677246,,
MYS.1T8.AG25T99,COL,2021,9.07,,
MYS.1T8.AG25T99,COL,2022,9.25,,
MYS.1T8.AG25T99,COL,2023,9.35,,
MYS.1T8.AG25T99,COL,2024,9.52904987335205,,
MYS.1T8.AG25T99,COM,2022,6.006840229034424,,
MYS.1T8.AG25T99,CPV,2015,5.860000133514404,,
MYS.1T8.AG25T99,CRI,1973,4.550000190734863,,
MYS.1T8.AG25T99,CRI,2002,7.65,,
MYS.1T8.AG25T99,CRI,2003,7.76,,
MYS.1T8.AG25T99,CRI,2004,7.78,,
MYS.1T8.AG25T99,CRI,2005,7.95,,
MYS.1T8.AG25T99,CRI,2006,7.97,,
MYS.1T8.AG25T99,CRI,2007,8.010000228881836,,
MYS.1T8.AG25T99,CRI,2008,8.289999961853027,,
MYS.1T8.AG25T99,CRI,2009,8.359999656677246,,
MYS.1T8.AG25T99,CRI,2010,8.229999542236328,,
MYS.1T8.AG25T99,CRI,2011,8.350000381469727,,
MYS.1T8.AG25T99,CRI,2012,8.40999984741211,,
MYS.1T8.AG25T99,CRI,2013,8.41,,
MYS.1T8.AG25T99,CRI,2014,8.75,,
MYS.1T8.AG25T99,CRI,2015,8.579999923706055,,
MYS.1T8.AG25T99,CRI,2016,8.5600004196167,,
MYS.1T8.AG25T99,CRI,2017,8.52,,
MYS.1T8.AG25T99,CRI,2018,8.720000267028809,,
MYS.1T8.AG25T99,CRI,2019,8.71,,
MYS.1T8.AG25T99,CRI,2020,8.800000190734863,,
MYS.1T8.AG25T99,CRI,2021,8.86,,
MYS.1T8.AG25T99,CRI,2022,8.9,,
MYS.1T8.AG25T99,CRI,2023,9.04,,
MYS.1T8.AG25T99,CUB,2002,10.17000007629395,,
MYS.1T8.AG25T99,CUB,2012,11.5,,
MYS.1T8.AG25T99,CUB,2019,10.66361999511719,,
MYS.1T8.AG25T99,CUW,2020,11.90999984741211,,
MYS.1T8.AG25T99,CYM,1970,6.46999979019165,,
MYS.1T8.AG25T99,CYM,1989,9.100000381469727,,
MYS.1T8.AG25T99,CYM,2004,11.61999988555908,,
MYS.1T8.AG25T99,CYM,2005,12.14999961853027,,
MYS.1T8.AG25T99,CYM,2006,11.93000030517578,,
MYS.1T8.AG25T99,CYM,2007,12.55000019073486,,
MYS.1T8.AG25T99,CYM,2008,12.71000003814697,,
MYS.1T8.AG25T99,CYM,2014,13.4399995803833,,
MYS.1T8.AG25T99,CYM,2015,13.43000030517578,,
MYS.1T8.AG25T99,CYP,1992,8.609999656677246,,
MYS.1T8.AG25T99,CYP,2004,10.5600004196167,,
MYS.1T8.AG25T99,CYP,2005,10.72000026702881,,
MYS.1T8.AG25T99,CYP,2006,10.97000026702881,,
MYS.1T8.AG25T99,CYP,2007,11.1899995803833,,
MYS.1T8.AG25T99,CYP,2008,11.27999973297119,,
MYS.1T8.AG25T99,CYP,2009,11.26000022888184,,
MYS.1T8.AG25T99,CYP,2010,11.4399995803833,,
MYS.1T8.AG25T99,CYP,2011,11.57999992370605,,
MYS.1T8.AG25T99,CYP,2012,11.8100004196167,,
MYS.1T8.AG25T99,CYP,2013,11.88000011444092,,
MYS.1T8.AG25T99,CYP,2014,11.88000011444092,,
MYS.1T8.AG25T99,CYP,2015,11.86999988555908,,
MYS.1T8.AG25T99,CYP,2016,12.09000015258789,,
MYS.1T8.AG25T99,CYP,2018,12.27999973297119,,
MYS.1T8.AG25T99,CYP,2020,12.4399995803833,,
MYS.1T8.AG25T99,CZE,1991,9.289999961853027,,
MYS.1T8.AG25T99,CZE,2006,12.11999988555908,,
MYS.1T8.AG25T99,CZE,2007,12.14000034332275,,
MYS.1T8.AG25T99,CZE,2008,12.1899995803833,,
MYS.1T8.AG25T99,CZE,2009,12.28999996185303,,
MYS.1T8.AG25T99,CZE,2010,12.39000034332275,,
MYS.1T8.AG25T99,CZE,2011,12.47000026702881,,
MYS.1T8.AG25T99,CZE,2012,12.52000045776367,,
MYS.1T8.AG25T99,CZE,2013,12.60000038146973,,
MYS.1T8.AG25T99,CZE,2014,12.64000034332275,,
MYS.1T8.AG25T99,CZE,2015,12.67000007629395,,
MYS.1T8.AG25T99,CZE,2016,12.73999977111816,,
MYS.1T8.AG25T99,CZE,2017,12.78999996185303,,
MYS.1T8.AG25T99,CZE,2019,12.86999988555908,,
MYS.1T8.AG25T99,DEU,2004,13.80000019073486,,
MYS.1T8.AG25T99,DEU,2005,13.69999980926514,,
MYS.1T8.AG25T99,DEU,2006,13.60000038146973,,
MYS.1T8.AG25T99,DEU,2007,13.68000030517578,,
MYS.1T8.AG25T99,DEU,2008,13.76000022888184,,
MYS.1T8.AG25T99,DEU,2009,13.82999992370605,,
MYS.1T8.AG25T99,DEU,2010,13.85000038146973,,
MYS.1T8.AG25T99,DEU,2011,13.93000030517578,,
MYS.1T8.AG25T99,DEU,2012,13.97999954223633,,
MYS.1T8.AG25T99,DEU,2013,14.01000022888184,,
MYS.1T8.AG25T99,DEU,2014,14.03999996185303,,
MYS.1T8.AG25T99,DEU,2015,14.07999992370605,,
MYS.1T8.AG25T99,DEU,2016,14.13000011444092,,
MYS.1T8.AG25T99,DEU,2018,14.07999992370605,,
MYS.1T8.AG25T99,DEU,2020,14.26000022888184,,
MYS.1T8.AG25T99,DJI,2017,3.626650094985962,,
MYS.1T8.AG25T99,DMA,1970,5.230000019073486,,
MYS.1T8.AG25T99,DMA,1981,5.730000019073486,,
MYS.1T8.AG25T99,DMA,2001,7.75,,
MYS.1T8.AG25T99,DMA,2021,10.12508964538574,,
MYS.1T8.AG25T99,DNK,1991,11.5,,
MYS.1T8.AG25T99,DNK,1994,11.5600004196167,,
MYS.1T8.AG25T99,DNK,1995,11.64999961853027,,
MYS.1T8.AG25T99,DNK,2003,12.97000026702881,,
MYS.1T8.AG25T99,DNK,2004,12.92000007629395,,
MYS.1T8.AG25T99,DNK,2007,12.64999961853027,,
MYS.1T8.AG25T99,DNK,2008,12.88000011444092,,
MYS.1T8.AG25T99,DNK,2009,12.47000026702881,,
MYS.1T8.AG25T99,DNK,2010,12.43000030517578,,
MYS.1T8.AG25T99,DNK,2011,12.47000026702881,,
MYS.1T8.AG25T99,DNK,2012,12.69999980926514,,
MYS.1T8.AG25T99,DNK,2013,12.75,,
MYS.1T8.AG25T99,DNK,2014,12.39000034332275,,
MYS.1T8.AG25T99,DNK,2015,12.64000034332275,,
MYS.1T8.AG25T99,DNK,2016,13.15999984741211,,
MYS.1T8.AG25T99,DNK,2018,12.85999965667725,,
MYS.1T8.AG25T99,DNK,2020,12.96000003814697,,
MYS.1T8.AG25T99,DOM,1970,2.890000104904175,,
MYS.1T8.AG25T99,DOM,2000,6.78,,
MYS.1T8.AG25T99,DOM,2001,6.86,,
MYS.1T8.AG25T99,DOM,2002,7.11,,
MYS.1T8.AG25T99,DOM,2003,7.32,,
MYS.1T8.AG25T99,DOM,2004,7.56,,
MYS.1T8.AG25T99,DOM,2005,7.41,,
MYS.1T8.AG25T99,DOM,2006,7.64,,
MYS.1T8.AG25T99,DOM,2007,7.170000076293945,,
MYS.1T8.AG25T99,DOM,2008,7.79,,
MYS.1T8.AG25T99,DOM,2009,7.95,,
MYS.1T8.AG25T99,DOM,2010,7.239999771118164,,
MYS.1T8.AG25T99,DOM,2011,7.329999923706055,,
MYS.1T8.AG25T99,DOM,2012,7.429999828338623,,
MYS.1T8.AG25T99,DOM,2013,7.519999980926514,,
MYS.1T8.AG25T99,DOM,2014,7.650000095367432,,
MYS.1T8.AG25T99,DOM,2015,7.71999979019165,,
MYS.1T8.AG25T99,DOM,2016,9.039999961853027,,
MYS.1T8.AG25T99,DOM,2017,8.72,,
MYS.1T8.AG25T99,DOM,2018,8.89,,
MYS.1T8.AG25T99,DOM,2019,8.865480422973633,,
MYS.1T8.AG25T99,DOM,2020,9.05,,
MYS.1T8.AG25T99,DOM,2021,9.13,,
MYS.1T8.AG25T99,DOM,2022,9.16,,
MYS.1T8.AG25T99,DOM,2023,9.32,,
MYS.1T8.AG25T99,DZA,1971,0.8899999856948853,,
MYS.1T8.AG25T99,DZA,2006,6.170000076293945,,
MYS.1T8.AG25T99,DZA,2008,6.289999961853027,,
MYS.1T8.AG25T99,DZA,2011,5.579999923706055,,
MYS.1T8.AG25T99,DZA,2019,7.020269870758057,,
MYS.1T8.AG25T99,ECU,1974,4.380000114440918,,
MYS.1T8.AG25T99,ECU,1982,5.46999979019165,,
MYS.1T8.AG25T99,ECU,1990,6.75,,
MYS.1T8.AG25T99,ECU,2001,7.94,,
MYS.1T8.AG25T99,ECU,2003,7.91,,
MYS.1T8.AG25T99,ECU,2005,8.11,,
MYS.1T8.AG25T99,ECU,2006,8.09,,
MYS.1T8.AG25T99,ECU,2007,7.71999979019165,,
MYS.1T8.AG25T99,ECU,2008,7.730000019073486,,
MYS.1T8.AG25T99,ECU,2009,7.739999771118164,,
MYS.1T8.AG25T99,ECU,2010,7.849999904632568,,
MYS.1T8.AG25T99,ECU,2011,7.909999847412109,,
MYS.1T8.AG25T99,ECU,2012,8.100000381469727,,
MYS.1T8.AG25T99,ECU,2013,8.289999961853027,,
MYS.1T8.AG25T99,ECU,2014,8.359999656677246,,
MYS.1T8.AG25T99,ECU,2015,8.699999809265137,,
MYS.1T8.AG25T99,ECU,2016,8.6899995803833,,
MYS.1T8.AG25T99,ECU,2017,8.75,,
MYS.1T8.AG25T99,ECU,2018,9.08,,
MYS.1T8.AG25T99,ECU,2019,9.13,,
MYS.1T8.AG25T99,ECU,2020,8.800000190734863,,
MYS.1T8.AG25T99,ECU,2021,9.020000457763672,,
MYS.1T8.AG25T99,ECU,2022,9.710000038146973,,
MYS.1T8.AG25T99,ECU,2023,9.32,,
MYS.1T8.AG25T99,EGY,1986,3.049999952316284,,
MYS.1T8.AG25T99,EGY,1996,6.329999923706055,,
MYS.1T8.AG25T99,EGY,2006,6.420000076293945,,
MYS.1T8.AG25T99,EGY,2021,8.699810028076172,,
MYS.1T8.AG25T99,ESP,1970,4.699999809265137,,
MYS.1T8.AG25T99,ESP,1981,4.920000076293945,,
MYS.1T8.AG25T99,ESP,1986,5.349999904632568,,
MYS.1T8.AG25T99,ESP,1991,6.070000171661377,,
MYS.1T8.AG25T99,ESP,2004,8.640000343322754,,
MYS.1T8.AG25T99,ESP,2005,8.920000076293945,,
MYS.1T8.AG25T99,ESP,2006,9.029999732971191,,
MYS.1T8.AG25T99,ESP,2007,9.119999885559082,,
MYS.1T8.AG25T99,ESP,2008,9.1899995803833,,
MYS.1T8.AG25T99,ESP,2009,9.25,,
MYS.1T8.AG25T99,ESP,2010,9.359999656677246,,
MYS.1T8.AG25T99,ESP,2011,9.479999542236328,,
MYS.1T8.AG25T99,ESP,2012,9.510000228881836,,
MYS.1T8.AG25T99,ESP,2014,9.720000267028809,,
MYS.1T8.AG25T99,ESP,2015,9.90999984741211,,
MYS.1T8.AG25T99,ESP,2016,10.01000022888184,,
MYS.1T8.AG25T99,ESP,2018,10.14000034332275,,
MYS.1T8.AG25T99,ESP,2020,10.60999965667725,,
MYS.1T8.AG25T99,EST,1989,9.529999732971191,,
MYS.1T8.AG25T99,EST,2000,12.18000030517578,,
MYS.1T8.AG25T99,EST,2006,13.19999980926514,,
MYS.1T8.AG25T99,EST,2007,13.22000026702881,,
MYS.1T8.AG25T99,EST,2008,13.25,,
MYS.1T8.AG25T99,EST,2009,13.31999969482422,,
MYS.1T8.AG25T99,EST,2010,13.32999992370605,,
MYS.1T8.AG25T99,EST,2011,13.39999961853027,,
MYS.1T8.AG25T99,EST,2012,13.44999980926514,,
MYS.1T8.AG25T99,EST,2013,13.53999996185303,,
MYS.1T8.AG25T99,EST,2014,13.4399995803833,,
MYS.1T8.AG25T99,EST,2015,13.48999977111816,,
MYS.1T8.AG25T99,EST,2016,13.51000022888184,,
MYS.1T8.AG25T99,EST,2017,13.5600004196167,,
MYS.1T8.AG25T99,EST,2018,13.65999984741211,,
MYS.1T8.AG25T99,EST,2020,13.55000019073486,,
MYS.1T8.AG25T99,ETH,2007,2.019999980926514,,
MYS.1T8.AG25T99,ETH,2011,2.170000076293945,,
MYS.1T8.AG25T99,ETH,2016,2.426789999008179,,
MYS.1T8.AG25T99,ETH,2019,3.182509899139404,,
MYS.1T8.AG25T99,ETH,2022,3.823189973831177,,
MYS.1T8.AG25T99,FIN,1985,8.8100004196167,,
MYS.1T8.AG25T99,FIN,1990,9.180000305175781,,
MYS.1T8.AG25T99,FIN,2003,12.09000015258789,,
MYS.1T8.AG25T99,FIN,2005,12.18000030517578,,
MYS.1T8.AG25T99,FIN,2006,12.22999954223633,,
MYS.1T8.AG25T99,FIN,2007,12.27999973297119,,
MYS.1T8.AG25T99,FIN,2008,12.32999992370605,,
MYS.1T8.AG25T99,FIN,2009,12.36999988555908,,
MYS.1T8.AG25T99,FIN,2010,12.42000007629395,,
MYS.1T8.AG25T99,FIN,2011,12.46000003814697,,
MYS.1T8.AG25T99,FIN,2012,12.48999977111816,,
MYS.1T8.AG25T99,FIN,2013,12.55000019073486,,
MYS.1T8.AG25T99,FIN,2014,12.60000038146973,,
MYS.1T8.AG25T99,FIN,2015,12.63000011444092,,
MYS.1T8.AG25T99,FIN,2017,12.73999977111816,,
MYS.1T8.AG25T99,FIN,2019,12.86999988555908,,
MYS.1T8.AG25T99,FJI,1976,4.269999980926514,,
MYS.1T8.AG25T99,FJI,1986,5.880000114440918,,
MYS.1T8.AG25T99,FJI,1996,7.690000057220459,,
MYS.1T8.AG25T99,FJI,2007,9.239999771118164,,
MYS.1T8.AG25T99,FJI,2017,10.63000011444092,,
MYS.1T8.AG25T99,FJI,2021,10.37096977233887,,
MYS.1T8.AG25T99,FRA,1990,7.550000190734863,,
MYS.1T8.AG25T99,FRA,2004,10.23999977111816,,
MYS.1T8.AG25T99,FRA,2005,10.31999969482422,,
MYS.1T8.AG25T99,FRA,2007,10.56999969482422,,
MYS.1T8.AG25T99,FRA,2008,10.64999961853027,,
MYS.1T8.AG25T99,FRA,2009,10.63000011444092,,
MYS.1T8.AG25T99,FRA,2010,10.77999973297119,,
MYS.1T8.AG25T99,FRA,2011,10.85000038146973,,
MYS.1T8.AG25T99,FRA,2012,10.9399995803833,,
MYS.1T8.AG25T99,FRA,2013,11.07999992370605,,
MYS.1T8.AG25T99,FRA,2014,11.22999954223633,,
MYS.1T8.AG25T99,FRA,2015,11.32999992370605,,
MYS.1T8.AG25T99,FRA,2016,11.35000038146973,,
MYS.1T8.AG25T99,FRA,2017,11.40999984741211,,
MYS.1T8.AG25T99,FRA,2019,11.60999965667725,,
MYS.1T8.AG25T99,GBR,1971,11.36999988555908,,
MYS.1T8.AG25T99,GBR,2009,13.09000015258789,,
MYS.1T8.AG25T99,GBR,2010,13.21000003814697,,
MYS.1T8.AG25T99,GBR,2011,13.1899995803833,,
MYS.1T8.AG25T99,GBR,2012,13.34000015258789,,
MYS.1T8.AG25T99,GBR,2013,12.82999992370605,,
MYS.1T8.AG25T99,GBR,2014,12.89000034332275,,
MYS.1T8.AG25T99,GBR,2017,13.15999984741211,,
MYS.1T8.AG25T99,GBR,2020,13.40999984741211,,
MYS.1T8.AG25T99,GBR,2021,13.48999977111816,,
MYS.1T8.AG25T99,GEO,2002,11.92000007629395,,
MYS.1T8.AG25T99,GEO,2012,12.5,,
MYS.1T8.AG25T99,GEO,2014,12.61999988555908,,
MYS.1T8.AG25T99,GEO,2016,12.8100004196167,,
MYS.1T8.AG25T99,GEO,2017,12.86999988555908,,
MYS.1T8.AG25T99,GEO,2019,12.81999969482422,,
MYS.1T8.AG25T99,GEO,2022,12.69999980926514,,
MYS.1T8.AG25T99,GEO,2024,12.76000022888184,,
MYS.1T8.AG25T99,GHA,1970,2.039999961853027,,
MYS.1T8.AG25T99,GHA,2010,7.579999923706055,,
MYS.1T8.AG25T99,GHA,2017,6.120500087738037,,
MYS.1T8.AG25T99,GHA,2021,6.516029834747314,,
MYS.1T8.AG25T99,GHA,2022,7.079410076141357,,
MYS.1T8.AG25T99,GIN,1996,1.389999985694885,,
MYS.1T8.AG25T99,GIN,2010,1.580000042915344,,
MYS.1T8.AG25T99,GIN,2014,1.870000004768372,,
MYS.1T8.AG25T99,GIN,2016,3.031919956207275,,
MYS.1T8.AG25T99,GIN,2018,2.130000114440918,,
MYS.1T8.AG25T99,GLP,1982,5.650000095367432,,
MYS.1T8.AG25T99,GMB,1973,0.4799999892711639,,
MYS.1T8.AG25T99,GMB,2015,5.289999961853027,,
MYS.1T8.AG25T99,GMB,2018,4.09984016418457,,
MYS.1T8.AG25T99,GMB,2020,4.512420177459717,,
MYS.1T8.AG25T99,GMB,2023,5.331739902496338,,
MYS.1T8.AG25T99,GRC,1981,6.75,,
MYS.1T8.AG25T99,GRC,1991,7.940000057220459,,
MYS.1T8.AG25T99,GRC,2005,9.75,,
MYS.1T8.AG25T99,GRC,2006,10.10000038146973,,
MYS.1T8.AG25T99,GRC,2007,10.0600004196167,,
MYS.1T8.AG25T99,GRC,2008,10.10000038146973,,
MYS.1T8.AG25T99,GRC,2010,10.21000003814697,,
MYS.1T8.AG25T99,GRC,2014,10.60000038146973,,
MYS.1T8.AG25T99,GRC,2015,10.73999977111816,,
MYS.1T8.AG25T99,GRC,2016,10.25,,
MYS.1T8.AG25T99,GRC,2020,11.40999984741211,,
MYS.1T8.AG25T99,GRD,1970,5.539999961853027,,
MYS.1T8.AG25T99,GRD,1981,5.800000190734863,,
MYS.1T8.AG25T99,GTM,1973,1.700000047683716,,
MYS.1T8.AG25T99,GTM,1981,2.460000038146973,,
MYS.1T8.AG25T99,GTM,2000,3.83,,
MYS.1T8.AG25T99,GTM,2002,3.849999904632568,,
MYS.1T8.AG25T99,GTM,2006,3.650000095367432,,
MYS.1T8.AG25T99,GTM,2012,4.800000190734863,,
MYS.1T8.AG25T99,GTM,2013,4.900000095367432,,
MYS.1T8.AG25T99,GTM,2014,5.840000152587891,,
MYS.1T8.AG25T99,GTM,2015,4.93356990814209,,
MYS.1T8.AG25T99,GTM,2019,5.679999828338623,,
MYS.1T8.AG25T99,GTM,2022,5.847300052642822,,
MYS.1T8.AG25T99,GTM,2023,7.05,,
MYS.1T8.AG25T99,GTM,2024,5.973589897155762,,
MYS.1T8.AG25T99,GUF,1982,6.269999980926514,,
MYS.1T8.AG25T99,GUM,1970,9.260000228881836,,
MYS.1T8.AG25T99,GUM,1980,10.98999977111816,,
MYS.1T8.AG25T99,GUM,1990,11.85000038146973,,
MYS.1T8.AG25T99,GUY,1970,4.559999942779541,,
MYS.1T8.AG25T99,GUY,1980,5.28000020980835,,
MYS.1T8.AG25T99,GUY,2002,6.119999885559082,,
MYS.1T8.AG25T99,GUY,2019,8.558639526367188,,
MYS.1T8.AG25T99,HKG,1971,5.110000133514404,,
MYS.1T8.AG25T99,HKG,1976,5.639999866485596,,
MYS.1T8.AG25T99,HKG,1981,6.769999980926514,,
MYS.1T8.AG25T99,HKG,1986,7.590000152587891,,
MYS.1T8.AG25T99,HKG,1991,8.850000381469727,,
MYS.1T8.AG25T99,HKG,1996,9.770000457763672,,
MYS.1T8.AG25T99,HKG,2006,11,,
MYS.1T8.AG25T99,HKG,2008,11.21000003814697,,
MYS.1T8.AG25T99,HKG,2009,11.3100004196167,,
MYS.1T8.AG25T99,HKG,2010,11.39999961853027,,
MYS.1T8.AG25T99,HKG,2011,11.61999988555908,,
MYS.1T8.AG25T99,HKG,2014,11.88000011444092,,
MYS.1T8.AG25T99,HKG,2015,12.02000045776367,,
MYS.1T8.AG25T99,HKG,2017,12.17000007629395,,
MYS.1T8.AG25T99,HKG,2019,12.22999954223633,,
MYS.1T8.AG25T99,HKG,2022,12.35000038146973,,
MYS.1T8.AG25T99,HND,1974,2.130000114440918,,
MYS.1T8.AG25T99,HND,2001,5.06,,
MYS.1T8.AG25T99,HND,2004,5.03,,
MYS.1T8.AG25T99,HND,2005,5.05,,
MYS.1T8.AG25T99,HND,2007,4.949999809265137,,
MYS.1T8.AG25T99,HND,2009,5.38,,
MYS.1T8.AG25T99,HND,2010,5.53,,
MYS.1T8.AG25T99,HND,2011,5.579999923706055,,
MYS.1T8.AG25T99,HND,2012,5.519999980926514,,
MYS.1T8.AG25T99,HND,2013,5.81,,
MYS.1T8.AG25T99,HND,2014,6.179999828338623,,
MYS.1T8.AG25T99,HND,2015,6.289999961853027,,
MYS.1T8.AG25T99,HND,2016,6.53000020980835,,
MYS.1T8.AG25T99,HND,2018,6.289999961853027,,
MYS.1T8.AG25T99,HND,2019,7.090000152587891,,
MYS.1T8.AG25T99,HND,2023,6.479599952697754,,
MYS.1T8.AG25T99,HND,2024,6.802840232849121,,
MYS.1T8.AG25T99,HRV,1991,6.860000133514404,,
MYS.1T8.AG25T99,HRV,2001,9.930000305175781,,
MYS.1T8.AG25T99,HRV,2011,11.14000034332275,,
MYS.1T8.AG25T99,HTI,1971,0.8999999761581421,,
MYS.1T8.AG25T99,HTI,1982,1.429999947547913,,
MYS.1T8.AG25T99,HTI,1986,2.210000038146973,,
MYS.1T8.AG25T99,HTI,2017,5.382299900054932,,
MYS.1T8.AG25T99,HUN,1970,7.75,,
MYS.1T8.AG25T99,HUN,1980,8.84000015258789,,
MYS.1T8.AG25T99,HUN,1990,9.479999542236328,,
MYS.1T8.AG25T99,HUN,2001,10.23999977111816,,
MYS.1T8.AG25T99,HUN,2005,10.82999992370605,,
MYS.1T8.AG25T99,HUN,2009,11.8100004196167,,
MYS.1T8.AG25T99,HUN,2010,11.88000011444092,,
MYS.1T8.AG25T99,HUN,2011,11.92000007629395,,
MYS.1T8.AG25T99,HUN,2012,11.84000015258789,,
MYS.1T8.AG25T99,HUN,2013,12.01000022888184,,
MYS.1T8.AG25T99,HUN,2014,11.77000045776367,,
MYS.1T8.AG25T99,HUN,2015,11.85000038146973,,
MYS.1T8.AG25T99,HUN,2016,11.89000034332275,,
MYS.1T8.AG25T99,HUN,2020,12.25,,
MYS.1T8.AG25T99,IDN,1971,2.299999952316284,,
MYS.1T8.AG25T99,IDN,1980,3.119999885559082,,
MYS.1T8.AG25T99,IDN,1990,3.220000028610229,,
MYS.1T8.AG25T99,IDN,2006,7.570000171661377,,
MYS.1T8.AG25T99,IDN,2007,7.079999923706055,,
MYS.1T8.AG25T99,IDN,2008,7.119999885559082,,
MYS.1T8.AG25T99,IDN,2009,7.289999961853027,,
MYS.1T8.AG25T99,IDN,2011,7.510000228881836,,
MYS.1T8.AG25T99,IDN,2014,7.800000190734863,,
MYS.1T8.AG25T99,IDN,2015,7.909999847412109,,
MYS.1T8.AG25T99,IDN,2016,7.980000019073486,,
MYS.1T8.AG25T99,IDN,2017,8.23958969116211,,
MYS.1T8.AG25T99,IDN,2018,8.15999984741211,,
MYS.1T8.AG25T99,IDN,2020,8.5600004196167,,
MYS.1T8.AG25T99,IND,1971,1.289999961853027,,
MYS.1T8.AG25T99,IND,1981,2.180000066757202,,
MYS.1T8.AG25T99,IND,2011,5.28000020980835,,
MYS.1T8.AG25T99,IND,2016,5.787889957427979,,
MYS.1T8.AG25T99,IND,2018,6.210000038146973,,
MYS.1T8.AG25T99,IND,2019,6.281380176544189,,
MYS.1T8.AG25T99,IND,2020,6.449999809265137,,
MYS.1T8.AG25T99,IND,2022,6.53000020980835,,
MYS.1T8.AG25T99,IND,2023,7.329999923706055,,
MYS.1T8.AG25T99,IRL,1971,7.53000020980835,,
MYS.1T8.AG25T99,IRL,1981,8.329999923706055,,
MYS.1T8.AG25T99,IRL,1991,9.270000457763672,,
MYS.1T8.AG25T99,IRL,2006,11.26000022888184,,
MYS.1T8.AG25T99,IRL,2007,10.96000003814697,,
MYS.1T8.AG25T99,IRL,2010,11.1899995803833,,
MYS.1T8.AG25T99,IRL,2011,11,,
MYS.1T8.AG25T99,IRL,2017,11.43000030517578,,
MYS.1T8.AG25T99,IRN,2006,9.869999885559082,,
MYS.1T8.AG25T99,IRN,2008,9.390000343322754,,
MYS.1T8.AG25T99,IRN,2010,9.710000038146973,,
MYS.1T8.AG25T99,IRN,2012,9.890000343322754,,
MYS.1T8.AG25T99,IRN,2013,10.03999996185303,,
MYS.1T8.AG25T99,IRN,2014,10.11999988555908,,
MYS.1T8.AG25T99,IRN,2016,10.3100004196167,,
MYS.1T8.AG25T99,IRQ,2013,7.769999980926514,,
MYS.1T8.AG25T99,IRQ,2018,6.687870025634766,,
MYS.1T8.AG25T99,ISL,2005,12.47000026702881,,
MYS.1T8.AG25T99,ISL,2019,13.72999954223633,,
MYS.1T8.AG25T99,ISL,2020,13.77000045776367,,
MYS.1T8.AG25T99,ISR,1972,7.400000095367432,,
MYS.1T8.AG25T99,ISR,1982,9.0600004196167,,
MYS.1T8.AG25T99,ISR,1983,7.539999961853027,,
MYS.1T8.AG25T99,ISR,2004,10.77000045776367,,
MYS.1T8.AG25T99,ISR,2006,11.77999973297119,,
MYS.1T8.AG25T99,ISR,2007,12.38000011444092,,
MYS.1T8.AG25T99,ISR,2009,12.46000003814697,,
MYS.1T8.AG25T99,ISR,2010,12.5,,
MYS.1T8.AG25T99,ISR,2011,12.60000038146973,,
MYS.1T8.AG25T99,ISR,2012,12.6899995803833,,
MYS.1T8.AG25T99,ISR,2013,12.80000019073486,,
MYS.1T8.AG25T99,ISR,2014,12.92000007629395,,
MYS.1T8.AG25T99,ISR,2015,12.96000003814697,,
MYS.1T8.AG25T99,ITA,1971,5.210000038146973,,
MYS.1T8.AG25T99,ITA,1981,5.559999942779541,,
MYS.1T8.AG25T99,ITA,2001,8.84000015258789,,
MYS.1T8.AG25T99,ITA,2005,9.270000457763672,,
MYS.1T8.AG25T99,ITA,2006,9.390000343322754,,
MYS.1T8.AG25T99,ITA,2007,9.529999732971191,,
MYS.1T8.AG25T99,ITA,2008,9.649999618530273,,
MYS.1T8.AG25T99,ITA,2009,9.729999542236328,,
MYS.1T8.AG25T99,ITA,2010,9.819999694824219,,
MYS.1T8.AG25T99,ITA,2011,9.899999618530273,,
MYS.1T8.AG25T99,ITA,2012,10.02000045776367,,
MYS.1T8.AG25T99,ITA,2014,10.22000026702881,,
MYS.1T8.AG25T99,ITA,2015,10.3100004196167,,
MYS.1T8.AG25T99,ITA,2020,10.73999977111816,,
MYS.1T8.AG25T99,JAM,1970,4.119999885559082,,
MYS.1T8.AG25T99,JAM,1982,4.789999961853027,,
MYS.1T8.AG25T99,JAM,1991,6.769999980926514,,
MYS.1T8.AG25T99,JAM,2011,8.4399995803833,,
MYS.1T8.AG25T99,JAM,2022,9.95991039276123,,
MYS.1T8.AG25T99,JOR,2003,7.800000190734863,,
MYS.1T8.AG25T99,JOR,2008,9.520000457763672,,
MYS.1T8.AG25T99,JOR,2010,9.609999656677246,,
MYS.1T8.AG25T99,JOR,2017,10.68363952636719,,
MYS.1T8.AG25T99,JOR,2018,10.35000038146973,,
MYS.1T8.AG25T99,JOR,2020,10.44999980926514,,
MYS.1T8.AG25T99,JOR,2023,10.23999977111816,,
MYS.1T8.AG25T99,JPN,1970,9.260000228881836,,
MYS.1T8.AG25T99,JPN,1980,10.30000019073486,,
MYS.1T8.AG25T99,JPN,1990,11.75,,
MYS.1T8.AG25T99,JPN,2010,12.42000007629395,,
MYS.1T8.AG25T99,JPN,2020,12.85000038146973,,
MYS.1T8.AG25T99,KAZ,1989,7.329999923706055,,
MYS.1T8.AG25T99,KAZ,1999,9.539999961853027,,
MYS.1T8.AG25T99,KAZ,2007,11.52000045776367,,
MYS.1T8.AG25T99,KAZ,2009,11.01000022888184,,
MYS.1T8.AG25T99,KAZ,2015,11.99777030944824,,
MYS.1T8.AG25T99,KAZ,2018,12.21000003814697,,
MYS.1T8.AG25T99,KEN,1979,2.539999961853027,,
MYS.1T8.AG25T99,KEN,2009,6.309999942779541,,
MYS.1T8.AG25T99,KEN,2010,5.820000171661377,,
MYS.1T8.AG25T99,KEN,2019,7.994659900665283,,
MYS.1T8.AG25T99,KEN,2020,7.686359882354736,,
MYS.1T8.AG25T99,KEN,2021,8.491849899291992,,
MYS.1T8.AG25T99,KEN,2022,8.492819786071777,,
MYS.1T8.AG25T99,KEN,2024,8.693380355834961,,
MYS.1T8.AG25T99,KGZ,1999,10.28999996185303,,
MYS.1T8.AG25T99,KGZ,2009,10.85999965667725,,
MYS.1T8.AG25T99,KGZ,2018,11.75652980804443,,
MYS.1T8.AG25T99,KGZ,2023,11.72138977050781,,
MYS.1T8.AG25T99,KHM,2007,3.930000066757202,,
MYS.1T8.AG25T99,KHM,2008,4.03000020980835,,
MYS.1T8.AG25T99,KHM,2009,3.940000057220459,,
MYS.1T8.AG25T99,KHM,2014,3.599999904632568,,
MYS.1T8.AG25T99,KHM,2015,3.670000076293945,,
MYS.1T8.AG25T99,KHM,2019,4.798369884490967,,
MYS.1T8.AG25T99,KHM,2021,5.197100162506104,,
MYS.1T8.AG25T99,KIR,1978,5.619999885559082,,
MYS.1T8.AG25T99,KIR,2018,9.037400245666504,,
MYS.1T8.AG25T99,KNA,1970,6.559999942779541,,
MYS.1T8.AG25T99,KNA,1980,8.149999618530273,,
MYS.1T8.AG25T99,KOR,1970,5.400000095367432,,
MYS.1T8.AG25T99,KOR,1975,6.599999904632568,,
MYS.1T8.AG25T99,KOR,1980,7.260000228881836,,
MYS.1T8.AG25T99,KOR,1985,9.390000343322754,,
MYS.1T8.AG25T99,KOR,1990,9.270000457763672,,
MYS.1T8.AG25T99,KOR,1995,10,,
MYS.1T8.AG25T99,KOR,2000,10.61999988555908,,
MYS.1T8.AG25T99,KOR,2005,11.23999977111816,,
MYS.1T8.AG25T99,KOR,2009,10.86999988555908,,
MYS.1T8.AG25T99,KOR,2010,11.64000034332275,,
MYS.1T8.AG25T99,KOR,2015,12.11999988555908,,
MYS.1T8.AG25T99,KWT,1970,2.799999952316284,,
MYS.1T8.AG25T99,KWT,1975,4.340000152587891,,
MYS.1T8.AG25T99,KWT,1980,5.420000076293945,,
MYS.1T8.AG25T99,KWT,1985,6.269999980926514,,
MYS.1T8.AG25T99,KWT,1988,5.570000171661377,,
MYS.1T8.AG25T99,KWT,2005,6.110000133514404,,
MYS.1T8.AG25T99,KWT,2006,6.139999866485596,,
MYS.1T8.AG25T99,KWT,2007,6.21999979019165,,
MYS.1T8.AG25T99,KWT,2008,6.429999828338623,,
MYS.1T8.AG25T99,KWT,2012,7.269999980926514,,
MYS.1T8.AG25T99,KWT,2013,6.679999828338623,,
MYS.1T8.AG25T99,KWT,2015,7.070000171661377,,
MYS.1T8.AG25T99,KWT,2017,7.190000057220459,,
MYS.1T8.AG25T99,KWT,2018,7.21999979019165,,
MYS.1T8.AG25T99,LAO,2017,5.728129863739014,,
MYS.1T8.AG25T99,LAO,2023,6.39132022857666,,
MYS.1T8.AG25T99,LBN,1970,2.990000009536743,,
MYS.1T8.AG25T99,LBN,2007,8.119999885559082,,
MYS.1T8.AG25T99,LBN,2018,10.48999977111816,,
MYS.1T8.AG25T99,LBR,1974,1.200000047683716,,
MYS.1T8.AG25T99,LBR,2016,4.755730152130127,,
MYS.1T8.AG25T99,LBR,2019,5.559710025787354,,
MYS.1T8.AG25T99,LBY,1984,2.900000095367432,,
MYS.1T8.AG25T99,LCA,1970,4.139999866485596,,
MYS.1T8.AG25T99,LCA,1980,4.889999866485596,,
MYS.1T8.AG25T99,LCA,1991,6.650000095367432,,
MYS.1T8.AG25T99,LCA,2010,8.369999885559082,,
MYS.1T8.AG25T99,LCA,2013,8.359999656677246,,
MYS.1T8.AG25T99,LCA,2019,8.550000190734863,,
MYS.1T8.AG25T99,LIE,1970,5.320000171661377,,
MYS.1T8.AG25T99,LIE,2000,11.14999961853027,,
MYS.1T8.AG25T99,LKA,1971,4.739999771118164,,
MYS.1T8.AG25T99,LKA,1981,5.679999828338623,,
MYS.1T8.AG25T99,LKA,2001,10.60000038146973,,
MYS.1T8.AG25T99,LKA,2006,10.38000011444092,,
MYS.1T8.AG25T99,LKA,2007,10.35000038146973,,
MYS.1T8.AG25T99,LKA,2008,10.40999984741211,,
MYS.1T8.AG25T99,LKA,2009,10.51000022888184,,
MYS.1T8.AG25T99,LKA,2016,10.5,,
MYS.1T8.AG25T99,LKA,2017,10.56999969482422,,
MYS.1T8.AG25T99,LKA,2018,10.64000034332275,,
MYS.1T8.AG25T99,LKA,2019,10.63000011444092,,
MYS.1T8.AG25T99,LKA,2020,10.81999969482422,,
MYS.1T8.AG25T99,LKA,2021,10.72999954223633,,
MYS.1T8.AG25T99,LKA,2022,10.77000045776367,,
MYS.1T8.AG25T99,LSO,1976,3.029999971389771,,
MYS.1T8.AG25T99,LSO,2006,5.829999923706055,,
MYS.1T8.AG25T99,LSO,2008,5.539999961853027,,
MYS.1T8.AG25T99,LSO,2018,7.185870170593262,,
MYS.1T8.AG25T99,LSO,2024,8.017550468444824,,
MYS.1T8.AG25T99,LTU,1989,9.579999923706055,,
MYS.1T8.AG25T99,LTU,2005,11.86999988555908,,
MYS.1T8.AG25T99,LTU,2006,12.01000022888184,,
MYS.1T8.AG25T99,LTU,2007,12.15999984741211,,
MYS.1T8.AG25T99,LTU,2008,12.30000019073486,,
MYS.1T8.AG25T99,LTU,2009,12.31999969482422,,
MYS.1T8.AG25T99,LTU,2010,12.46000003814697,,
MYS.1T8.AG25T99,LTU,2011,12.56999969482422,,
MYS.1T8.AG25T99,LTU,2012,12.5600004196167,,
MYS.1T8.AG25T99,LTU,2013,12.59000015258789,,
MYS.1T8.AG25T99,LTU,2014,12.80000019073486,,
MYS.1T8.AG25T99,LTU,2015,12.96000003814697,,
MYS.1T8.AG25T99,LTU,2016,13.10999965667725,,
MYS.1T8.AG25T99,LTU,2017,13.1899995803833,,
MYS.1T8.AG25T99,LTU,2020,13.5,,
MYS.1T8.AG25T99,LUX,1991,8.489999771118164,,
MYS.1T8.AG25T99,LUX,2001,10.72999954223633,,
MYS.1T8.AG25T99,LUX,2003,11.26000022888184,,
MYS.1T8.AG25T99,LUX,2007,11.63000011444092,,
MYS.1T8.AG25T99,LUX,2009,12.8100004196167,,
MYS.1T8.AG25T99,LUX,2010,12.84000015258789,,
MYS.1T8.AG25T99,LUX,2011,12.85999965667725,,
MYS.1T8.AG25T99,LUX,2012,13,,
MYS.1T8.AG25T99,LUX,2013,13.19999980926514,,
MYS.1T8.AG25T99,LUX,2014,13.43000030517578,,
MYS.1T8.AG25T99,LUX,2015,12.46000003814697,,
MYS.1T8.AG25T99,LVA,1989,8.140000343322754,,
MYS.1T8.AG25T99,LVA,2004,12.13000011444092,,
MYS.1T8.AG25T99,LVA,2005,12.25,,
MYS.1T8.AG25T99,LVA,2006,12.30000019073486,,
MYS.1T8.AG25T99,LVA,2007,12.17000007629395,,
MYS.1T8.AG25T99,LVA,2008,12.35000038146973,,
MYS.1T8.AG25T99,LVA,2009,12.46000003814697,,
MYS.1T8.AG25T99,LVA,2010,12.5600004196167,,
MYS.1T8.AG25T99,LVA,2011,12.60999965667725,,
MYS.1T8.AG25T99,LVA,2012,12.69999980926514,,
MYS.1T8.AG25T99,LVA,2013,12.8100004196167,,
MYS.1T8.AG25T99,LVA,2014,12.85999965667725,,
MYS.1T8.AG25T99,LVA,2015,12.86999988555908,,
MYS.1T8.AG25T99,LVA,2016,12.93000030517578,,
MYS.1T8.AG25T99,LVA,2018,13.18000030517578,,
MYS.1T8.AG25T99,LVA,2019,13.25,,
MYS.1T8.AG25T99,MAC,1970,4.28000020980835,,
MYS.1T8.AG25T99,MAC,1991,7.329999923706055,,
MYS.1T8.AG25T99,MAC,2001,8.039999961853027,,
MYS.1T8.AG25T99,MAC,2006,8.800000190734863,,
MYS.1T8.AG25T99,MAC,2011,9.729999542236328,,
MYS.1T8.AG25T99,MAC,2016,10.47999954223633,,
MYS.1T8.AG25T99,MAR,2017,4.943260192871094,,
MYS.1T8.AG25T99,MCO,1975,8.630000114440918,,
MYS.1T8.AG25T99,MDA,1989,8.140000343322754,,
MYS.1T8.AG25T99,MDA,2007,11.27999973297119,,
MYS.1T8.AG25T99,MDA,2008,11.38000011444092,,
MYS.1T8.AG25T99,MDA,2009,11.47999954223633,,
MYS.1T8.AG25T99,MDA,2010,11.48999977111816,,
MYS.1T8.AG25T99,MDA,2011,11.5600004196167,,
MYS.1T8.AG25T99,MDA,2012,11.69999980926514,,
MYS.1T8.AG25T99,MDA,2013,11.63000011444092,,
MYS.1T8.AG25T99,MDA,2014,11.69999980926514,,
MYS.1T8.AG25T99,MDA,2015,11.69999980926514,,
MYS.1T8.AG25T99,MDA,2018,11.77999973297119,,
MYS.1T8.AG25T99,MDA,2019,11.76000022888184,,
MYS.1T8.AG25T99,MDA,2020,11.80000019073486,,
MYS.1T8.AG25T99,MDA,2021,11.81999969482422,,
MYS.1T8.AG25T99,MDA,2022,11.82999992370605,,
MYS.1T8.AG25T99,MDG,2018,5.070000171661377,,
MYS.1T8.AG25T99,MDG,2021,4.592520236968994,,
MYS.1T8.AG25T99,MDV,2006,3.789999961853027,,
MYS.1T8.AG25T99,MDV,2017,6.784910202026367,,
MYS.1T8.AG25T99,MEX,1980,4.090000152587891,,
MYS.1T8.AG25T99,MEX,1990,5.949999809265137,,
MYS.1T8.AG25T99,MEX,2000,6.659999847412109,,
MYS.1T8.AG25T99,MEX,2002,7.06,,
MYS.1T8.AG25T99,MEX,2004,7.289999961853027,,
MYS.1T8.AG25T99,MEX,2005,7.489999771118164,,
MYS.1T8.AG25T99,MEX,2006,7.869999885559082,,
MYS.1T8.AG25T99,MEX,2007,7.880000114440918,,
MYS.1T8.AG25T99,MEX,2008,7.949999809265137,,
MYS.1T8.AG25T99,MEX,2009,8.140000343322754,,
MYS.1T8.AG25T99,MEX,2010,8.010000228881836,,
MYS.1T8.AG25T99,MEX,2012,8.489999771118164,,
MYS.1T8.AG25T99,MEX,2013,8.359999656677246,,
MYS.1T8.AG25T99,MEX,2014,8.399999618530273,,
MYS.1T8.AG25T99,MEX,2015,8.600000381469727,,
MYS.1T8.AG25T99,MEX,2016,8.600000381469727,,
MYS.1T8.AG25T99,MEX,2017,8.739999771118164,,
MYS.1T8.AG25T99,MEX,2018,8.930000305175781,,
MYS.1T8.AG25T99,MEX,2020,9.220000267028809,,
MYS.1T8.AG25T99,MEX,2022,9.5,,
MYS.1T8.AG25T99,MHL,2011,10.88000011444092,,
MYS.1T8.AG25T99,MHL,2019,10.82476997375488,,
MYS.1T8.AG25T99,MKD,1994,5.349999904632568,,
MYS.1T8.AG25T99,MKD,2002,7.119999885559082,,
MYS.1T8.AG25T99,MKD,2020,10.22999954223633,,
MYS.1T8.AG25T99,MLI,1976,0.2300000041723251,,
MYS.1T8.AG25T99,MLI,2006,1.440000057220459,,
MYS.1T8.AG25T99,MLI,2011,2.019999980926514,,
MYS.1T8.AG25T99,MLI,2015,1.830000042915344,,
MYS.1T8.AG25T99,MLI,2016,1.529999971389771,,
MYS.1T8.AG25T99,MLI,2018,1.870000004768372,,
MYS.1T8.AG25T99,MLI,2019,2.041840076446533,,
MYS.1T8.AG25T99,MLI,2020,1.629999995231628,,
MYS.1T8.AG25T99,MLT,2000,7.46999979019165,,
MYS.1T8.AG25T99,MLT,2005,9.779999732971191,,
MYS.1T8.AG25T99,MLT,2007,9.899999618530273,,
MYS.1T8.AG25T99,MLT,2010,10.30000019073486,,
MYS.1T8.AG25T99,MLT,2011,10.47000026702881,,
MYS.1T8.AG25T99,MLT,2012,10.78999996185303,,
MYS.1T8.AG25T99,MLT,2013,11.02999973297119,,
MYS.1T8.AG25T99,MLT,2014,11.13000011444092,,
MYS.1T8.AG25T99,MLT,2015,11.21000003814697,,
MYS.1T8.AG25T99,MLT,2016,11.28999996185303,,
MYS.1T8.AG25T99,MLT,2018,11.84000015258789,,
MYS.1T8.AG25T99,MLT,2020,12.21000003814697,,
MYS.1T8.AG25T99,MMR,1973,1.360000014305115,,
MYS.1T8.AG25T99,MMR,1983,2.720000028610229,,
MYS.1T8.AG25T99,MMR,2019,6.380000114440918,,
MYS.1T8.AG25T99,MNE,2003,10.4399995803833,,
MYS.1T8.AG25T99,MNE,2011,11.27999973297119,,
MYS.1T8.AG25T99,MNE,2018,12.31015968322754,,
MYS.1T8.AG25T99,MNG,2000,8.850000381469727,,
MYS.1T8.AG25T99,MNG,2010,9.9399995803833,,
MYS.1T8.AG25T99,MNG,2020,9.420000076293945,,
MYS.1T8.AG25T99,MOZ,1980,0.7699999809265137,,
MYS.1T8.AG25T99,MOZ,2009,2.339999914169312,,
MYS.1T8.AG25T99,MOZ,2011,2.619999885559082,,
MYS.1T8.AG25T99,MOZ,2015,3.190000057220459,,
MYS.1T8.AG25T99,MOZ,2017,3.059999942779541,,
MYS.1T8.AG25T99,MOZ,2020,3.859999895095825,,
MYS.1T8.AG25T99,MOZ,2022,4.590489864349365,,
MYS.1T8.AG25T99,MRT,1988,2.480000019073486,,
MYS.1T8.AG25T99,MRT,2013,4.210000038146973,,
MYS.1T8.AG25T99,MRT,2015,4.216229915618896,,
MYS.1T8.AG25T99,MSR,1970,6.449999809265137,,
MYS.1T8.AG25T99,MSR,1980,6.940000057220459,,
MYS.1T8.AG25T99,MUS,1972,3.589999914169312,,
MYS.1T8.AG25T99,MUS,1983,4.840000152587891,,
MYS.1T8.AG25T99,MUS,1990,5.860000133514404,,
MYS.1T8.AG25T99,MUS,2000,6.300000190734863,,
MYS.1T8.AG25T99,MUS,2011,8.520000457763672,,
MYS.1T8.AG25T99,MWI,1977,1.669999957084656,,
MYS.1T8.AG25T99,MWI,1987,1.970000028610229,,
MYS.1T8.AG25T99,MWI,1998,2.710000038146973,,
MYS.1T8.AG25T99,MWI,2015,5.29341983795166,,
MYS.1T8.AG25T99,MWI,2020,5.243740081787109,,
MYS.1T8.AG25T99,MYS,1980,3.990000009536743,,
MYS.1T8.AG25T99,MYS,1996,7.230000019073486,,
MYS.1T8.AG25T99,MYS,2000,8.420000076293945,,
MYS.1T8.AG25T99,MYS,2005,7.590000152587891,,
MYS.1T8.AG25T99,MYS,2009,9.5600004196167,,
MYS.1T8.AG25T99,MYS,2010,9.699999809265137,,
MYS.1T8.AG25T99,MYS,2016,10.36999988555908,,
MYS.1T8.AG25T99,MYS,2019,10.64999961853027,,
MYS.1T8.AG25T99,MYS,2022,11.09000015258789,,
MYS.1T8.AG25T99,NAM,1991,5.710000038146973,,
MYS.1T8.AG25T99,NAM,2001,5.800000190734863,,
MYS.1T8.AG25T99,NAM,2023,10.47000026702881,,
MYS.1T8.AG25T99,NCL,2019,10.73396015167236,,
MYS.1T8.AG25T99,NER,1977,0.4600000083446503,,
MYS.1T8.AG25T99,NER,2012,1.639999985694885,,
MYS.1T8.AG25T99,NGA,2006,8.170000076293945,,
MYS.1T8.AG25T99,NGA,2016,6.995110034942627,,
MYS.1T8.AG25T99,NGA,2018,6.919020175933838,,
MYS.1T8.AG25T99,NGA,2019,7.191969871520996,,
MYS.1T8.AG25T99,NGA,2021,7.585969924926758,,
MYS.1T8.AG25T99,NGA,2024,8.179710388183594,,
MYS.1T8.AG25T99,NIC,2001,4.92,,
MYS.1T8.AG25T99,NIC,2005,5.34,,
MYS.1T8.AG25T99,NIC,2009,5.91,,
MYS.1T8.AG25T99,NIC,2014,6.66,,
MYS.1T8.AG25T99,NIU,1976,5.630000114440918,,
MYS.1T8.AG25T99,NLD,1971,7.690000057220459,,
MYS.1T8.AG25T99,NLD,2004,11.78999996185303,,
MYS.1T8.AG25T99,NLD,2005,11.78999996185303,,
MYS.1T8.AG25T99,NLD,2007,11.98999977111816,,
MYS.1T8.AG25T99,NLD,2008,11.90999984741211,,
MYS.1T8.AG25T99,NLD,2009,11.9399995803833,,
MYS.1T8.AG25T99,NLD,2010,11.97999954223633,,
MYS.1T8.AG25T99,NLD,2011,11.96000003814697,,
MYS.1T8.AG25T99,NLD,2012,12.02000045776367,,
MYS.1T8.AG25T99,NLD,2013,12.06999969482422,,
MYS.1T8.AG25T99,NLD,2014,12.09000015258789,,
MYS.1T8.AG25T99,NLD,2015,12.14000034332275,,
MYS.1T8.AG25T99,NLD,2016,12.18000030517578,,
MYS.1T8.AG25T99,NLD,2018,12.31999969482422,,
MYS.1T8.AG25T99,NLD,2020,12.57999992370605,,
MYS.1T8.AG25T99,NOR,1970,10.06999969482422,,
MYS.1T8.AG25T99,NOR,1975,10.18000030517578,,
MYS.1T8.AG25T99,NOR,1980,10.4399995803833,,
MYS.1T8.AG25T99,NOR,1990,11.71000003814697,,
MYS.1T8.AG25T99,NOR,2004,12.22999954223633,,
MYS.1T8.AG25T99,NOR,2005,12.27999973297119,,
MYS.1T8.AG25T99,NOR,2006,12.36999988555908,,
MYS.1T8.AG25T99,NOR,2007,12.40999984741211,,
MYS.1T8.AG25T99,NOR,2008,12.47999954223633,,
MYS.1T8.AG25T99,NOR,2009,12.5,,
MYS.1T8.AG25T99,NOR,2010,12.55000019073486,,
MYS.1T8.AG25T99,NOR,2011,12.60999965667725,,
MYS.1T8.AG25T99,NOR,2014,12.71000003814697,,
MYS.1T8.AG25T99,NOR,2015,12.77000045776367,,
MYS.1T8.AG25T99,NOR,2016,12.81999969482422,,
MYS.1T8.AG25T99,NOR,2017,12.94999980926514,,
MYS.1T8.AG25T99,NOR,2019,13,,
MYS.1T8.AG25T99,NPL,1971,0.239999994635582,,
MYS.1T8.AG25T99,NPL,1981,0.6100000143051147,,
MYS.1T8.AG25T99,NPL,2001,3,,
MYS.1T8.AG25T99,NPL,2011,3.519999980926514,,
MYS.1T8.AG25T99,NPL,2016,3.733829975128174,,
MYS.1T8.AG25T99,NPL,2019,4.333250045776367,,
MYS.1T8.AG25T99,NPL,2021,4.503729820251465,,
MYS.1T8.AG25T99,NRU,2023,10.04988956451416,,
MYS.1T8.AG25T99,NZL,1981,9.65999984741211,,
MYS.1T8.AG25T99,NZL,1991,10.39999961853027,,
MYS.1T8.AG25T99,NZL,2001,12.48999977111816,,
MYS.1T8.AG25T99,NZL,2006,12.77999973297119,,
MYS.1T8.AG25T99,NZL,2011,12.75,,
MYS.1T8.AG25T99,NZL,2012,12.75,,
MYS.1T8.AG25T99,NZL,2014,12.67000007629395,,
MYS.1T8.AG25T99,NZL,2015,12.61999988555908,,
MYS.1T8.AG25T99,NZL,2016,12.73999977111816,,
MYS.1T8.AG25T99,NZL,2020,12.9399995803833,,
MYS.1T8.AG25T99,OMN,2003,6.269999980926514,,
MYS.1T8.AG25T99,OMN,2008,7.989999771118164,,
MYS.1T8.AG25T99,OMN,2010,8.050000190734863,,
MYS.1T8.AG25T99,OMN,2015,9.550000190734863,,
MYS.1T8.AG25T99,OMN,2020,11.64999961853027,,
MYS.1T8.AG25T99,OMN,2022,11.71000003814697,,
MYS.1T8.AG25T99,PAK,1972,1.639999985694885,,
MYS.1T8.AG25T99,PAK,1981,1.730000019073486,,
MYS.1T8.AG25T99,PAK,2005,2.720000028610229,,
MYS.1T8.AG25T99,PAK,2006,4.570000171661377,,
MYS.1T8.AG25T99,PAK,2008,4.53000020980835,,
MYS.1T8.AG25T99,PAK,2009,4.519999980926514,,
MYS.1T8.AG25T99,PAK,2010,4.650000095367432,,
MYS.1T8.AG25T99,PAK,2011,4.789999961853027,,
MYS.1T8.AG25T99,PAK,2012,4.880000114440918,,
MYS.1T8.AG25T99,PAK,2013,4.960000038146973,,
MYS.1T8.AG25T99,PAK,2014,5.159999847412109,,
MYS.1T8.AG25T99,PAK,2017,5.119999885559082,,
MYS.1T8.AG25T99,PAK,2018,4.770319938659668,,
MYS.1T8.AG25T99,PAK,2019,4.874660015106201,,
MYS.1T8.AG25T99,PAK,2021,4.981929779052734,,
MYS.1T8.AG25T99,PAN,1970,4.889999866485596,,
MYS.1T8.AG25T99,PAN,1980,5.949999809265137,,
MYS.1T8.AG25T99,PAN,1990,7.409999847412109,,
MYS.1T8.AG25T99,PAN,2000,7.880000114440918,,
MYS.1T8.AG25T99,PAN,2001,8.5,,
MYS.1T8.AG25T99,PAN,2002,8.69,,
MYS.1T8.AG25T99,PAN,2003,8.83,,
MYS.1T8.AG25T99,PAN,2004,8.97,,
MYS.1T8.AG25T99,PAN,2005,9.02,,
MYS.1T8.AG25T99,PAN,2006,9.09,,
MYS.1T8.AG25T99,PAN,2007,9.17,,
MYS.1T8.AG25T99,PAN,2008,9.34,,
MYS.1T8.AG25T99,PAN,2009,9.38,,
MYS.1T8.AG25T99,PAN,2010,9.279999732971191,,
MYS.1T8.AG25T99,PAN,2011,9.67,,
MYS.1T8.AG25T99,PAN,2013,9.89,,
MYS.1T8.AG25T99,PAN,2014,10.02,,
MYS.1T8.AG25T99,PAN,2015,10.07,,
MYS.1T8.AG25T99,PAN,2016,10.18,,
MYS.1T8.AG25T99,PAN,2017,10.24,,
MYS.1T8.AG25T99,PAN,2018,10.2,,
MYS.1T8.AG25T99,PAN,2019,10.53999996185303,,
MYS.1T8.AG25T99,PAN,2021,10.6,,
MYS.1T8.AG25T99,PAN,2022,10.56,,
MYS.1T8.AG25T99,PAN,2023,10.68,,
MYS.1T8.AG25T99,PER,1972,3.930000066757202,,
MYS.1T8.AG25T99,PER,1981,5.789999961853027,,
MYS.1T8.AG25T99,PER,1993,7.949999809265137,,
MYS.1T8.AG25T99,PER,2000,7.96,,
MYS.1T8.AG25T99,PER,2001,8.07,,
MYS.1T8.AG25T99,PER,2002,8.28,,
MYS.1T8.AG25T99,PER,2003,8.3,,
MYS.1T8.AG25T99,PER,2004,8.600000381469727,,
MYS.1T8.AG25T99,PER,2005,7.920000076293945,,
MYS.1T8.AG25T99,PER,2006,7.929999828338623,,
MYS.1T8.AG25T99,PER,2007,8.1899995803833,,
MYS.1T8.AG25T99,PER,2008,8.1899995803833,,
MYS.1T8.AG25T99,PER,2009,8.220000267028809,,
MYS.1T8.AG25T99,PER,2010,8.869999885559082,,
MYS.1T8.AG25T99,PER,2011,8.890000343322754,,
MYS.1T8.AG25T99,PER,2012,9.079999923706055,,
MYS.1T8.AG25T99,PER,2013,9.140000343322754,,
MYS.1T8.AG25T99,PER,2014,9.149999618530273,,
MYS.1T8.AG25T99,PER,2015,9.09000015258789,,
MYS.1T8.AG25T99,PER,2016,9.25,,
MYS.1T8.AG25T99,PER,2017,9.29,,
MYS.1T8.AG25T99,PER,2018,9.760000228881836,,
MYS.1T8.AG25T99,PER,2019,9.49,,
MYS.1T8.AG25T99,PER,2020,9.48,,
MYS.1T8.AG25T99,PER,2021,9.4,,
MYS.1T8.AG25T99,PER,2022,9.56,,
MYS.1T8.AG25T99,PER,2023,9.69,,
MYS.1T8.AG25T99,PHL,1970,4.849999904632568,,
MYS.1T8.AG25T99,PHL,1975,5.489999771118164,,
MYS.1T8.AG25T99,PHL,1980,6.099999904632568,,
MYS.1T8.AG25T99,PHL,1990,7.179999828338623,,
MYS.1T8.AG25T99,PHL,2000,7.570000171661377,,
MYS.1T8.AG25T99,PHL,2004,8.640000343322754,,
MYS.1T8.AG25T99,PHL,2008,8.710000038146973,,
MYS.1T8.AG25T99,PHL,2010,8.90999984741211,,
MYS.1T8.AG25T99,PHL,2013,9.149999618530273,,
MYS.1T8.AG25T99,PHL,2017,8.180000305175781,,
MYS.1T8.AG25T99,PHL,2019,8.970000267028809,,
MYS.1T8.AG25T99,PHL,2020,8.890000343322754,,
MYS.1T8.AG25T99,PLW,2013,12.81999969482422,,
MYS.1T8.AG25T99,PNG,2018,4.851059913635254,,
MYS.1T8.AG25T99,POL,1970,6.570000171661377,,
MYS.1T8.AG25T99,POL,1978,7.760000228881836,,
MYS.1T8.AG25T99,POL,1988,8.979999542236328,,
MYS.1T8.AG25T99,POL,2002,11.44999980926514,,
MYS.1T8.AG25T99,POL,2008,12.17000007629395,,
MYS.1T8.AG25T99,POL,2009,12.34000015258789,,
MYS.1T8.AG25T99,POL,2010,12.3100004196167,,
MYS.1T8.AG25T99,POL,2011,12.55000019073486,,
MYS.1T8.AG25T99,POL,2012,12.77999973297119,,
MYS.1T8.AG25T99,POL,2013,12.77999973297119,,
MYS.1T8.AG25T99,POL,2014,12.84000015258789,,
MYS.1T8.AG25T99,POL,2016,13,,
MYS.1T8.AG25T99,POL,2020,13.15999984741211,,
MYS.1T8.AG25T99,PRI,1970,6.619999885559082,,
MYS.1T8.AG25T99,PRI,1980,8.619999885559082,,
MYS.1T8.AG25T99,PRI,1990,9.3100004196167,,
MYS.1T8.AG25T99,PRI,2000,11.1899995803833,,
MYS.1T8.AG25T99,PRI,2005,11.61999988555908,,
MYS.1T8.AG25T99,PRI,2006,11.5600004196167,,
MYS.1T8.AG25T99,PRI,2007,11.75,,
MYS.1T8.AG25T99,PRI,2008,11.80000019073486,,
MYS.1T8.AG25T99,PRI,2011,12,,
MYS.1T8.AG25T99,PRI,2012,12.14000034332275,,
MYS.1T8.AG25T99,PRI,2017,12.89999961853027,,
MYS.1T8.AG25T99,PRI,2022,12.76729965209961,,
MYS.1T8.AG25T99,PRI,2023,12.85900020599365,,
MYS.1T8.AG25T99,PRT,1970,3.240000009536743,,
MYS.1T8.AG25T99,PRT,1981,4.429999828338623,,
MYS.1T8.AG25T99,PRT,1991,5.440000057220459,,
MYS.1T8.AG25T99,PRT,1998,6.659999847412109,,
MYS.1T8.AG25T99,PRT,1999,6.710000038146973,,
MYS.1T8.AG25T99,PRT,2000,6.789999961853027,,
MYS.1T8.AG25T99,PRT,2001,6.880000114440918,,
MYS.1T8.AG25T99,PRT,2002,6.960000038146973,,
MYS.1T8.AG25T99,PRT,2003,7.150000095367432,,
MYS.1T8.AG25T99,PRT,2004,7.389999866485596,,
MYS.1T8.AG25T99,PRT,2005,7.489999771118164,,
MYS.1T8.AG25T99,PRT,2006,7.619999885559082,,
MYS.1T8.AG25T99,PRT,2007,7.670000076293945,,
MYS.1T8.AG25T99,PRT,2008,7.78000020980835,,
MYS.1T8.AG25T99,PRT,2009,7.929999828338623,,
MYS.1T8.AG25T99,PRT,2010,8.0600004196167,,
MYS.1T8.AG25T99,PRT,2011,8.279999732971191,,
MYS.1T8.AG25T99,PRT,2012,8.5,,
MYS.1T8.AG25T99,PRT,2013,8.65999984741211,,
MYS.1T8.AG25T99,PRT,2014,8.869999885559082,,
MYS.1T8.AG25T99,PRT,2015,8.989999771118164,,
MYS.1T8.AG25T99,PRT,2016,9.109999656677246,,
MYS.1T8.AG25T99,PRT,2017,9.220000267028809,,
MYS.1T8.AG25T99,PRT,2018,9.140000343322754,,
MYS.1T8.AG25T99,PRT,2019,9.329999923706055,,
MYS.1T8.AG25T99,PRT,2020,9.579999923706055,,
MYS.1T8.AG25T99,PRY,1972,3.720000028610229,,
MYS.1T8.AG25T99,PRY,1982,4.610000133514404,,
MYS.1T8.AG25T99,PRY,1992,5.739999771118164,,
MYS.1T8.AG25T99,PRY,2001,6.57,,
MYS.1T8.AG25T99,PRY,2002,6.48,,
MYS.1T8.AG25T99,PRY,2003,6.849999904632568,,
MYS.1T8.AG25T99,PRY,2004,6.88,,
MYS.1T8.AG25T99,PRY,2005,7.349999904632568,,
MYS.1T8.AG25T99,PRY,2006,7.070000171661377,,
MYS.1T8.AG25T99,PRY,2007,7.150000095367432,,
MYS.1T8.AG25T99,PRY,2008,7.389999866485596,,
MYS.1T8.AG25T99,PRY,2009,7.03000020980835,,
MYS.1T8.AG25T99,PRY,2010,7.8,,
MYS.1T8.AG25T99,PRY,2011,8.23,,
MYS.1T8.AG25T99,PRY,2012,7.78000020980835,,
MYS.1T8.AG25T99,PRY,2013,8.289999961853027,,
MYS.1T8.AG25T99,PRY,2014,8.25,,
MYS.1T8.AG25T99,PRY,2015,8.520000457763672,,
MYS.1T8.AG25T99,PRY,2016,8.350000381469727,,
MYS.1T8.AG25T99,PRY,2017,8.81,,
MYS.1T8.AG25T99,PRY,2018,8.59000015258789,,
MYS.1T8.AG25T99,PRY,2019,8.8100004196167,,
MYS.1T8.AG25T99,PRY,2020,8.859999656677246,,
MYS.1T8.AG25T99,PRY,2021,9.35,,
MYS.1T8.AG25T99,PRY,2022,9.37,,
MYS.1T8.AG25T99,PRY,2023,9.59,,
MYS.1T8.AG25T99,PRY,2024,9.640600204467773,,
MYS.1T8.AG25T99,PSE,2004,7.53000020980835,,
MYS.1T8.AG25T99,PSE,2006,7.739999771118164,,
MYS.1T8.AG25T99,PSE,2007,7.909999847412109,,
MYS.1T8.AG25T99,PSE,2008,8.010000228881836,,
MYS.1T8.AG25T99,PSE,2009,8.3100004196167,,
MYS.1T8.AG25T99,PSE,2010,8.359999656677246,,
MYS.1T8.AG25T99,PSE,2011,8.579999923706055,,
MYS.1T8.AG25T99,PSE,2012,8.850000381469727,,
MYS.1T8.AG25T99,PSE,2013,8.869999885559082,,
MYS.1T8.AG25T99,PSE,2014,8.90999984741211,,
MYS.1T8.AG25T99,PSE,2015,9.079999923706055,,
MYS.1T8.AG25T99,PSE,2016,9.15999984741211,,
MYS.1T8.AG25T99,PSE,2017,9.279999732971191,,
MYS.1T8.AG25T99,PSE,2018,9.520000457763672,,
MYS.1T8.AG25T99,PSE,2020,9.9399995803833,,
MYS.1T8.AG25T99,PSE,2022,10.13000011444092,,
MYS.1T8.AG25T99,PYF,2007,10.03999996185303,,
MYS.1T8.AG25T99,QAT,1986,5.050000190734863,,
MYS.1T8.AG25T99,QAT,2004,8.300000190734863,,
MYS.1T8.AG25T99,QAT,2007,9.479999542236328,,
MYS.1T8.AG25T99,QAT,2008,9.59000015258789,,
MYS.1T8.AG25T99,QAT,2009,9.15999984741211,,
MYS.1T8.AG25T99,QAT,2010,8.550000190734863,,
MYS.1T8.AG25T99,QAT,2011,8.649999618530273,,
MYS.1T8.AG25T99,QAT,2012,9.119999885559082,,
MYS.1T8.AG25T99,QAT,2013,9.800000190734863,,
MYS.1T8.AG25T99,QAT,2014,9.720000267028809,,
MYS.1T8.AG25T99,QAT,2016,9.670000076293945,,
MYS.1T8.AG25T99,QAT,2017,9.729999542236328,,
MYS.1T8.AG25T99,QAT,2022,10.77000045776367,,
MYS.1T8.AG25T99,ROU,1977,6.960000038146973,,
MYS.1T8.AG25T99,ROU,1992,8.6899995803833,,
MYS.1T8.AG25T99,ROU,2002,9.680000305175781,,
MYS.1T8.AG25T99,ROU,2007,10.59000015258789,,
MYS.1T8.AG25T99,ROU,2008,10.67000007629395,,
MYS.1T8.AG25T99,ROU,2009,10.69999980926514,,
MYS.1T8.AG25T99,ROU,2010,10.72999954223633,,
MYS.1T8.AG25T99,ROU,2011,10.85999965667725,,
MYS.1T8.AG25T99,ROU,2012,10.96000003814697,,
MYS.1T8.AG25T99,ROU,2013,11.02000045776367,,
MYS.1T8.AG25T99,ROU,2014,10.85999965667725,,
MYS.1T8.AG25T99,ROU,2015,10.97999954223633,,
MYS.1T8.AG25T99,ROU,2016,11.07999992370605,,
MYS.1T8.AG25T99,ROU,2017,11.14999961853027,,
MYS.1T8.AG25T99,ROU,2019,11.27999973297119,,
MYS.1T8.AG25T99,ROU,2020,11.39000034332275,,
MYS.1T8.AG25T99,ROU,2021,11.46000003814697,,
MYS.1T8.AG25T99,ROU,2022,11.55000019073486,,
MYS.1T8.AG25T99,RUS,1989,7.539999961853027,,
MYS.1T8.AG25T99,RUS,2002,11.80000019073486,,
MYS.1T8.AG25T99,RUS,2010,12.34000015258789,,
MYS.1T8.AG25T99,RUS,2021,12.40999984741211,,
MYS.1T8.AG25T99,RWA,1978,0.9900000095367432,,
MYS.1T8.AG25T99,RWA,2012,3.769999980926514,,
MYS.1T8.AG25T99,RWA,2014,4.059999942779541,,
MYS.1T8.AG25T99,RWA,2015,4.095149993896484,,
MYS.1T8.AG25T99,RWA,2018,4.329999923706055,,
MYS.1T8.AG25T99,RWA,2020,4.878310203552246,,
MYS.1T8.AG25T99,RWA,2022,4.880000114440918,,
MYS.1T8.AG25T99,SAU,2000,6.670000076293945,,
MYS.1T8.AG25T99,SAU,2004,7.519999980926514,,
MYS.1T8.AG25T99,SAU,2013,9.65999984741211,,
MYS.1T8.AG25T99,SAU,2017,10.22000026702881,,
MYS.1T8.AG25T99,SAU,2020,11.3100004196167,,
MYS.1T8.AG25T99,SAU,2024,12.28007619658674,,
MYS.1T8.AG25T99,SDN,1983,1.399999976158142,,
MYS.1T8.AG25T99,SDN,2022,4.657549858093262,,
MYS.1T8.AG25T99,SEN,2006,1.539999961853027,,
MYS.1T8.AG25T99,SEN,2011,2.390000104904175,,
MYS.1T8.AG25T99,SEN,2013,2.779999971389771,,
MYS.1T8.AG25T99,SEN,2015,2.531869888305664,,
MYS.1T8.AG25T99,SEN,2016,2.891940116882324,,
MYS.1T8.AG25T99,SEN,2017,2.829999923706055,,
MYS.1T8.AG25T99,SEN,2018,2.998349905014038,,
MYS.1T8.AG25T99,SEN,2019,2.841459989547729,,
MYS.1T8.AG25T99,SEN,2023,3.312350034713745,,
MYS.1T8.AG25T99,SGP,1980,6.039999961853027,,
MYS.1T8.AG25T99,SGP,1990,7.539999961853027,,
MYS.1T8.AG25T99,SGP,1995,8.680000305175781,,
MYS.1T8.AG25T99,SGP,2005,10.27000045776367,,
MYS.1T8.AG25T99,SGP,2006,10.10999965667725,,
MYS.1T8.AG25T99,SGP,2007,10.21000003814697,,
MYS.1T8.AG25T99,SGP,2008,10.48999977111816,,
MYS.1T8.AG25T99,SGP,2009,10.5,,
MYS.1T8.AG25T99,SGP,2010,10.9399995803833,,
MYS.1T8.AG25T99,SGP,2011,11,,
MYS.1T8.AG25T99,SGP,2012,11.02000045776367,,
MYS.1T8.AG25T99,SGP,2013,11.14999961853027,,
MYS.1T8.AG25T99,SGP,2014,11.22000026702881,,
MYS.1T8.AG25T99,SGP,2015,11.36999988555908,,
MYS.1T8.AG25T99,SGP,2016,11.38000011444092,,
MYS.1T8.AG25T99,SGP,2017,11.34000015258789,,
MYS.1T8.AG25T99,SGP,2018,11.5600004196167,,
MYS.1T8.AG25T99,SGP,2019,11.68000030517578,,
MYS.1T8.AG25T99,SGP,2020,11.76000022888184,,
MYS.1T8.AG25T99,SGP,2021,12.07999992370605,,
MYS.1T8.AG25T99,SGP,2022,11.98999977111816,,
MYS.1T8.AG25T99,SLE,2004,3.140000104904175,,
MYS.1T8.AG25T99,SLE,2017,3.509850025177002,,
MYS.1T8.AG25T99,SLE,2019,3.503230094909668,,
MYS.1T8.AG25T99,SLV,1971,2.220000028610229,,
MYS.1T8.AG25T99,SLV,1992,3.970000028610229,,
MYS.1T8.AG25T99,SLV,2000,5.66,,
MYS.1T8.AG25T99,SLV,2001,5.77,,
MYS.1T8.AG25T99,SLV,2002,5.91,,
MYS.1T8.AG25T99,SLV,2003,6.1,,
MYS.1T8.AG25T99,SLV,2004,6.05,,
MYS.1T8.AG25T99,SLV,2005,6.14,,
MYS.1T8.AG25T99,SLV,2006,5.730000019073486,,
MYS.1T8.AG25T99,SLV,2007,5.630000114440918,,
MYS.1T8.AG25T99,SLV,2008,6.03000020980835,,
MYS.1T8.AG25T99,SLV,2009,6.130000114440918,,
MYS.1T8.AG25T99,SLV,2010,6.340000152587891,,
MYS.1T8.AG25T99,SLV,2011,6.210000038146973,,
MYS.1T8.AG25T99,SLV,2012,6.369999885559082,,
MYS.1T8.AG25T99,SLV,2013,6.429999828338623,,
MYS.1T8.AG25T99,SLV,2014,6.92,,
MYS.1T8.AG25T99,SLV,2015,7.02,,
MYS.1T8.AG25T99,SLV,2016,6.71999979019165,,
MYS.1T8.AG25T99,SLV,2017,6.829999923706055,,
MYS.1T8.AG25T99,SLV,2018,7.27,,
MYS.1T8.AG25T99,SLV,2019,7.110000133514404,,
MYS.1T8.AG25T99,SLV,2020,7.150000095367432,,
MYS.1T8.AG25T99,SLV,2021,7.43,,
MYS.1T8.AG25T99,SLV,2022,7.61,,
MYS.1T8.AG25T99,SLV,2023,7.300000190734863,,
MYS.1T8.AG25T99,SMR,2018,10.80000019073486,,
MYS.1T8.AG25T99,SMR,2020,11.60000038146973,,
MYS.1T8.AG25T99,SMR,2022,11.35999965667725,,
MYS.1T8.AG25T99,SOM,2022,1.899999976158142,,
MYS.1T8.AG25T99,SRB,2002,7.699999809265137,,
MYS.1T8.AG25T99,SRB,2008,10.23999977111816,,
MYS.1T8.AG25T99,SRB,2009,10.30000019073486,,
MYS.1T8.AG25T99,SRB,2010,10.36999988555908,,
MYS.1T8.AG25T99,SRB,2011,10.56999969482422,,
MYS.1T8.AG25T99,SRB,2013,10.5600004196167,,
MYS.1T8.AG25T99,SRB,2014,10.72000026702881,,
MYS.1T8.AG25T99,SRB,2015,11.02000045776367,,
MYS.1T8.AG25T99,SRB,2016,11.13000011444092,,
MYS.1T8.AG25T99,SRB,2017,11.15999984741211,,
MYS.1T8.AG25T99,SRB,2019,11.36999988555908,,
MYS.1T8.AG25T99,SRB,2022,11.9399995803833,,
MYS.1T8.AG25T99,STP,1981,1.679999947547913,,
MYS.1T8.AG25T99,STP,2012,5.369999885559082,,
MYS.1T8.AG25T99,STP,2019,5.845809936523438,,
MYS.1T8.AG25T99,SUR,2004,7.739999771118164,,
MYS.1T8.AG25T99,SUR,2012,9.149999618530273,,
MYS.1T8.AG25T99,SUR,2013,10.19999980926514,,
MYS.1T8.AG25T99,SUR,2018,8.306050300598145,,
MYS.1T8.AG25T99,SUR,2022,9.133000373840332,,
MYS.1T8.AG25T99,SVK,1991,7.159999847412109,,
MYS.1T8.AG25T99,SVK,2001,10.26000022888184,,
MYS.1T8.AG25T99,SVK,2011,12.5,,
MYS.1T8.AG25T99,SVK,2012,12.38000011444092,,
MYS.1T8.AG25T99,SVK,2013,12.4399995803833,,
MYS.1T8.AG25T99,SVK,2014,12.4399995803833,,
MYS.1T8.AG25T99,SVK,2015,12.64000034332275,,
MYS.1T8.AG25T99,SVK,2016,12.71000003814697,,
MYS.1T8.AG25T99,SVK,2017,12.77000045776367,,
MYS.1T8.AG25T99,SVK,2018,12.86999988555908,,
MYS.1T8.AG25T99,SVK,2019,12.90999984741211,,
MYS.1T8.AG25T99,SVN,1991,7.510000228881836,,
MYS.1T8.AG25T99,SVN,2004,11.82999992370605,,
MYS.1T8.AG25T99,SVN,2005,11.68000030517578,,
MYS.1T8.AG25T99,SVN,2006,11.8100004196167,,
MYS.1T8.AG25T99,SVN,2007,11.75,,
MYS.1T8.AG25T99,SVN,2008,11.90999984741211,,
MYS.1T8.AG25T99,SVN,2009,12.02999973297119,,
MYS.1T8.AG25T99,SVN,2010,12.0600004196167,,
MYS.1T8.AG25T99,SVN,2011,12.21000003814697,,
MYS.1T8.AG25T99,SVN,2012,12.27999973297119,,
MYS.1T8.AG25T99,SVN,2013,12.38000011444092,,
MYS.1T8.AG25T99,SVN,2014,12.43000030517578,,
MYS.1T8.AG25T99,SVN,2015,12.56999969482422,,
MYS.1T8.AG25T99,SVN,2016,12.67000007629395,,
MYS.1T8.AG25T99,SVN,2017,12.69999980926514,,
MYS.1T8.AG25T99,SVN,2019,12.80000019073486,,
MYS.1T8.AG25T99,SWE,1970,6.519999980926514,,
MYS.1T8.AG25T99,SWE,1974,7.269999980926514,,
MYS.1T8.AG25T99,SWE,1979,8.34000015258789,,
MYS.1T8.AG25T99,SWE,1986,8.84000015258789,,
MYS.1T8.AG25T99,SWE,1987,9,,
MYS.1T8.AG25T99,SWE,1988,9.170000076293945,,
MYS.1T8.AG25T99,SWE,1989,9.329999923706055,,
MYS.1T8.AG25T99,SWE,1990,9.550000190734863,,
MYS.1T8.AG25T99,SWE,1991,9.710000038146973,,
MYS.1T8.AG25T99,SWE,1992,10.02000045776367,,
MYS.1T8.AG25T99,SWE,1993,10.21000003814697,,
MYS.1T8.AG25T99,SWE,1994,10.35999965667725,,
MYS.1T8.AG25T99,SWE,1995,10.52999973297119,,
MYS.1T8.AG25T99,SWE,2004,12.18000030517578,,
MYS.1T8.AG25T99,SWE,2005,12.26000022888184,,
MYS.1T8.AG25T99,SWE,2006,12.32999992370605,,
MYS.1T8.AG25T99,SWE,2007,12.39999961853027,,
MYS.1T8.AG25T99,SWE,2008,12.06999969482422,,
MYS.1T8.AG25T99,SWE,2009,12.14000034332275,,
MYS.1T8.AG25T99,SWE,2010,12.21000003814697,,
MYS.1T8.AG25T99,SWE,2011,12.27999973297119,,
MYS.1T8.AG25T99,SWE,2012,12.34000015258789,,
MYS.1T8.AG25T99,SWE,2013,12.22999954223633,,
MYS.1T8.AG25T99,SWE,2014,12.28999996185303,,
MYS.1T8.AG25T99,SWE,2015,12.35000038146973,,
MYS.1T8.AG25T99,SWE,2016,12.40999984741211,,
MYS.1T8.AG25T99,SWE,2017,12.48999977111816,,
MYS.1T8.AG25T99,SWE,2019,12.60999965667725,,
MYS.1T8.AG25T99,SWZ,1976,2.869999885559082,,
MYS.1T8.AG25T99,SWZ,1986,4.21999979019165,,
MYS.1T8.AG25T99,SWZ,2022,8.685199737548828,,
MYS.1T8.AG25T99,SYC,1971,4.190000057220459,,
MYS.1T8.AG25T99,SYC,1987,6.699999809265137,,
MYS.1T8.AG25T99,SYC,2002,10.36999988555908,,
MYS.1T8.AG25T99,SYR,1970,1.549999952316284,,
MYS.1T8.AG25T99,SYR,2002,4.730000019073486,,
MYS.1T8.AG25T99,SYR,2007,6.610000133514404,,
MYS.1T8.AG25T99,SYR,2008,6.190000057220459,,
MYS.1T8.AG25T99,SYR,2009,6.489999771118164,,
MYS.1T8.AG25T99,TCA,1970,5.519999980926514,,
MYS.1T8.AG25T99,TCA,1980,6.21999979019165,,
MYS.1T8.AG25T99,TCA,2019,11.17455959320068,,
MYS.1T8.AG25T99,TCD,2004,1.480000019073486,,
MYS.1T8.AG25T99,TCD,2009,1.759999990463257,,
MYS.1T8.AG25T99,TCD,2019,2.232769966125488,,
MYS.1T8.AG25T99,TGO,1970,0.5,,
MYS.1T8.AG25T99,TGO,2009,3.339999914169312,,
MYS.1T8.AG25T99,TGO,2011,3.640000104904175,,
MYS.1T8.AG25T99,TGO,2017,4.858580112457275,,
MYS.1T8.AG25T99,THA,1970,2.839999914169312,,
MYS.1T8.AG25T99,THA,1980,3.75,,
MYS.1T8.AG25T99,THA,2004,7.199999809265137,,
MYS.1T8.AG25T99,THA,2006,6.96999979019165,,
MYS.1T8.AG25T99,THA,2010,7.610000133514404,,
MYS.1T8.AG25T99,THA,2013,7.909999847412109,,
MYS.1T8.AG25T99,THA,2016,8.319999694824219,,
MYS.1T8.AG25T99,THA,2018,8.369999885559082,,
MYS.1T8.AG25T99,THA,2019,8.699999809265137,,
MYS.1T8.AG25T99,THA,2022,9.039999961853027,,
MYS.1T8.AG25T99,TJK,1989,9.229999542236328,,
MYS.1T8.AG25T99,TJK,2000,10.80000019073486,,
MYS.1T8.AG25T99,TJK,2017,11.42000007629395,,
MYS.1T8.AG25T99,TKM,1995,10.94999980926514,,
MYS.1T8.AG25T99,TKM,2015,10.82452964782715,,
MYS.1T8.AG25T99,TKM,2019,11.07855987548828,,
MYS.1T8.AG25T99,TKM,2022,11.51000022888184,,
MYS.1T8.AG25T99,TLS,2010,5.309999942779541,,
MYS.1T8.AG25T99,TLS,2016,5.260240077972412,,
MYS.1T8.AG25T99,TLS,2022,10.89000034332275,,
MYS.1T8.AG25T99,TON,1986,7.760000228881836,,
MYS.1T8.AG25T99,TON,1996,10.02999973297119,,
MYS.1T8.AG25T99,TON,2006,10.06999969482422,,
MYS.1T8.AG25T99,TON,2011,10.92000007629395,,
MYS.1T8.AG25T99,TON,2019,10.85140037536621,,
MYS.1T8.AG25T99,TTO,1970,5.710000038146973,,
MYS.1T8.AG25T99,TTO,1980,6.909999847412109,,
MYS.1T8.AG25T99,TTO,1990,7.25,,
MYS.1T8.AG25T99,TTO,2008,10.30000019073486,,
MYS.1T8.AG25T99,TTO,2009,10.30000019073486,,
MYS.1T8.AG25T99,TTO,2011,10.64000034332275,,
MYS.1T8.AG25T99,TTO,2022,10.79275035858154,,
MYS.1T8.AG25T99,TUN,1975,1.259999990463257,,
MYS.1T8.AG25T99,TUN,1980,2.079999923706055,,
MYS.1T8.AG25T99,TUN,1984,2.690000057220459,,
MYS.1T8.AG25T99,TUN,2008,6.309999942779541,,
MYS.1T8.AG25T99,TUN,2010,6.650000095367432,,
MYS.1T8.AG25T99,TUN,2011,6.820000171661377,,
MYS.1T8.AG25T99,TUN,2012,6.739999771118164,,
MYS.1T8.AG25T99,TUN,2016,7.199999809265137,,
MYS.1T8.AG25T99,TUN,2018,7.622610092163086,,
MYS.1T8.AG25T99,TUN,2019,7.289999961853027,,
MYS.1T8.AG25T99,TUN,2023,7.59492015838623,,
MYS.1T8.AG25T99,TUR,1975,2.170000076293945,,
MYS.1T8.AG25T99,TUR,1980,2.710000038146973,,
MYS.1T8.AG25T99,TUR,1985,3.799999952316284,,
MYS.1T8.AG25T99,TUR,2004,5.860000133514404,,
MYS.1T8.AG25T99,TUR,2005,5.96999979019165,,
MYS.1T8.AG25T99,TUR,2006,6.059999942779541,,
MYS.1T8.AG25T99,TUR,2007,6.139999866485596,,
MYS.1T8.AG25T99,TUR,2008,6.400000095367432,,
MYS.1T8.AG25T99,TUR,2009,6.570000171661377,,
MYS.1T8.AG25T99,TUR,2010,7.090000152587891,,
MYS.1T8.AG25T99,TUR,2011,7.360000133514404,,
MYS.1T8.AG25T99,TUR,2012,7.489999771118164,,
MYS.1T8.AG25T99,TUR,2013,7.630000114440918,,
MYS.1T8.AG25T99,TUR,2014,7.800000190734863,,
MYS.1T8.AG25T99,TUR,2015,7.960000038146973,,
MYS.1T8.AG25T99,TUR,2016,8.100000381469727,,
MYS.1T8.AG25T99,TUR,2017,8.270000457763672,,
MYS.1T8.AG25T99,TUR,2019,8.630000114440918,,
MYS.1T8.AG25T99,TUV,1991,7.239999771118164,,
MYS.1T8.AG25T99,TUV,2019,10.52336025238037,,
MYS.1T8.AG25T99,TZA,2002,4.300000190734863,,
MYS.1T8.AG25T99,TZA,2012,5.449999809265137,,
MYS.1T8.AG25T99,TZA,2015,5.493569850921631,,
MYS.1T8.AG25T99,TZA,2018,5.589149951934814,,
MYS.1T8.AG25T99,TZA,2022,6.06535005569458,,
MYS.1T8.AG25T99,UGA,1991,3.25,,
MYS.1T8.AG25T99,UGA,2002,4.099999904632568,,
MYS.1T8.AG25T99,UGA,2008,5.150000095367432,,
MYS.1T8.AG25T99,UGA,2010,5.889999866485596,,
MYS.1T8.AG25T99,UGA,2012,5.130000114440918,,
MYS.1T8.AG25T99,UGA,2016,5.88985013961792,,
MYS.1T8.AG25T99,UKR,1970,5.809999942779541,,
MYS.1T8.AG25T99,UKR,2001,10.9399995803833,,
MYS.1T8.AG25T99,UKR,2019,12.27171993255615,,
MYS.1T8.AG25T99,URY,1975,5.739999771118164,,
MYS.1T8.AG25T99,URY,1985,6.989999771118164,,
MYS.1T8.AG25T99,URY,1996,7.46999979019165,,
MYS.1T8.AG25T99,URY,2003,8.949999809265137,,
MYS.1T8.AG25T99,URY,2006,8,,
MYS.1T8.AG25T99,URY,2008,8.369999885559082,,
MYS.1T8.AG25T99,URY,2009,8.369999885559082,,
MYS.1T8.AG25T99,URY,2010,8.329999923706055,,
MYS.1T8.AG25T99,URY,2011,8.399999618530273,,
MYS.1T8.AG25T99,URY,2012,8.479999542236328,,
MYS.1T8.AG25T99,URY,2013,8.520000457763672,,
MYS.1T8.AG25T99,URY,2014,8.609999656677246,,
MYS.1T8.AG25T99,URY,2015,8.670000076293945,,
MYS.1T8.AG25T99,URY,2016,8.699999809265137,,
MYS.1T8.AG25T99,URY,2017,8.829999923706055,,
MYS.1T8.AG25T99,URY,2018,8.90999984741211,,
MYS.1T8.AG25T99,URY,2019,8.979999542236328,,
MYS.1T8.AG25T99,URY,2021,9.87,,
MYS.1T8.AG25T99,URY,2022,10.01,,
MYS.1T8.AG25T99,URY,2023,9.94,,
MYS.1T8.AG25T99,URY,2024,9.938309669494629,,
MYS.1T8.AG25T99,USA,1970,11.05000019073486,,
MYS.1T8.AG25T99,USA,1975,11.63000011444092,,
MYS.1T8.AG25T99,USA,1979,11.94999980926514,,
MYS.1T8.AG25T99,USA,1980,12.43000030517578,,
MYS.1T8.AG25T99,USA,1981,12.63000011444092,,
MYS.1T8.AG25T99,USA,1990,12.97999954223633,,
MYS.1T8.AG25T99,USA,1994,13.17000007629395,,
MYS.1T8.AG25T99,USA,2004,12.81999969482422,,
MYS.1T8.AG25T99,USA,2005,12.82999992370605,,
MYS.1T8.AG25T99,USA,2006,12.90999984741211,,
MYS.1T8.AG25T99,USA,2008,12.98999977111816,,
MYS.1T8.AG25T99,USA,2009,13.01000022888184,,
MYS.1T8.AG25T99,USA,2010,13.05000019073486,,
MYS.1T8.AG25T99,USA,2011,13.10000038146973,,
MYS.1T8.AG25T99,USA,2012,13.14000034332275,,
MYS.1T8.AG25T99,USA,2013,13.19999980926514,,
MYS.1T8.AG25T99,USA,2014,13.22000026702881,,
MYS.1T8.AG25T99,USA,2015,13.25,,
MYS.1T8.AG25T99,USA,2016,13.34000015258789,,
MYS.1T8.AG25T99,USA,2017,13.41329002380371,,
MYS.1T8.AG25T99,USA,2018,13.5,,
MYS.1T8.AG25T99,USA,2020,13.68000030517578,,
MYS.1T8.AG25T99,USA,2021,13.57549953460693,,
MYS.1T8.AG25T99,USA,2022,13.90999984741211,,
MYS.1T8.AG25T99,USA,2023,13.94894027709961,,
MYS.1T8.AG25T99,UZB,2013,11.27000045776367,,
MYS.1T8.AG25T99,UZB,2014,11.34000015258789,,
MYS.1T8.AG25T99,UZB,2015,11.35999965667725,,
MYS.1T8.AG25T99,UZB,2016,11.67000007629395,,
MYS.1T8.AG25T99,UZB,2018,11.77000045776367,,
MYS.1T8.AG25T99,UZB,2019,11.89999961853027,,
MYS.1T8.AG25T99,UZB,2021,11.88000011444092,,
MYS.1T8.AG25T99,UZB,2022,11.90999984741211,,
MYS.1T8.AG25T99,VCT,1970,5.449999809265137,,
MYS.1T8.AG25T99,VCT,1980,5.940000057220459,,
MYS.1T8.AG25T99,VCT,2017,10.82999992370605,,
MYS.1T8.AG25T99,VEN,1971,3.190000057220459,,
MYS.1T8.AG25T99,VEN,1981,5.349999904632568,,
MYS.1T8.AG25T99,VEN,1990,5.340000152587891,,
MYS.1T8.AG25T99,VEN,2000,7.57,,
MYS.1T8.AG25T99,VEN,2001,8.069999694824219,,
MYS.1T8.AG25T99,VEN,2002,7.77,,
MYS.1T8.AG25T99,VEN,2003,7.83,,
MYS.1T8.AG25T99,VEN,2004,7.87,,
MYS.1T8.AG25T99,VEN,2005,8.14,,
MYS.1T8.AG25T99,VEN,2006,7.510000228881836,,
MYS.1T8.AG25T99,VEN,2007,7.989999771118164,,
MYS.1T8.AG25T99,VEN,2008,8.140000343322754,,
MYS.1T8.AG25T99,VEN,2009,8.25,,
MYS.1T8.AG25T99,VEN,2010,8.93,,
MYS.1T8.AG25T99,VEN,2011,9.119999885559082,,
MYS.1T8.AG25T99,VEN,2012,9.25,,
MYS.1T8.AG25T99,VEN,2013,9.45,,
MYS.1T8.AG25T99,VEN,2014,9.61,,
MYS.1T8.AG25T99,VEN,2015,9.640000343322754,,
MYS.1T8.AG25T99,VEN,2016,10.3100004196167,,
MYS.1T8.AG25T99,VGB,1980,7.170000076293945,,
MYS.1T8.AG25T99,VGB,1991,8.729999542236328,,
MYS.1T8.AG25T99,VNM,1979,4.380000114440918,,
MYS.1T8.AG25T99,VNM,1989,4.050000190734863,,
MYS.1T8.AG25T99,VNM,2009,7.539999961853027,,
MYS.1T8.AG25T99,VNM,2019,8.4399995803833,,
MYS.1T8.AG25T99,VNM,2022,8.979999542236328,,
MYS.1T8.AG25T99,VUT,2023,7.077290058135986,,
MYS.1T8.AG25T99,WSM,1971,5.989999771118164,,
MYS.1T8.AG25T99,WSM,1976,5.489999771118164,,
MYS.1T8.AG25T99,WSM,1981,6.53000020980835,,
MYS.1T8.AG25T99,WSM,2001,9.319999694824219,,
MYS.1T8.AG25T99,WSM,2011,9.979999542236328,,
MYS.1T8.AG25T99,WSM,2019,11.40180015563965,,
MYS.1T8.AG25T99,YEM,2023,5.484149932861328,,
MYS.1T8.AG25T99,ZAF,1970,4.639999866485596,,
MYS.1T8.AG25T99,ZAF,1980,4.989999771118164,,
MYS.1T8.AG25T99,ZAF,1985,4.989999771118164,,
MYS.1T8.AG25T99,ZAF,2001,7.670000076293945,,
MYS.1T8.AG25T99,ZAF,2002,8.520000457763672,,
MYS.1T8.AG25T99,ZAF,2003,8.760000228881836,,
MYS.1T8.AG25T99,ZAF,2004,8.819999694824219,,
MYS.1T8.AG25T99,ZAF,2005,8.899999618530273,,
MYS.1T8.AG25T99,ZAF,2006,8.949999809265137,,
MYS.1T8.AG25T99,ZAF,2007,9.079999923706055,,
MYS.1T8.AG25T99,ZAF,2008,9.220000267028809,,
MYS.1T8.AG25T99,ZAF,2009,9.600000381469727,,
MYS.1T8.AG25T99,ZAF,2010,9.670000076293945,,
MYS.1T8.AG25T99,ZAF,2011,9.6899995803833,,
MYS.1T8.AG25T99,ZAF,2012,9.930000305175781,,
MYS.1T8.AG25T99,ZAF,2014,10.14999961853027,,
MYS.1T8.AG25T99,ZAF,2015,10.22999954223633,,
MYS.1T8.AG25T99,ZAF,2017,10.14000034332275,,
MYS.1T8.AG25T99,ZAF,2020,10.52826023101807,,
MYS.1T8.AG25T99,ZAF,2021,11.60999965667725,,
MYS.1T8.AG25T99,ZAF,2022,10.27474975585938,,
MYS.1T8.AG25T99,ZAF,2023,10.40931987762451,,
MYS.1T8.AG25T99,ZAF,2024,11.85999965667725,,
MYS.1T8.AG25T99,ZMB,1980,3.470000028610229,,
MYS.1T8.AG25T99,ZMB,1990,4.480000019073486,,
MYS.1T8.AG25T99,ZMB,2018,7.029349803924561,,
MYS.1T8.AG25T99,ZWE,1992,5.320000171661377,,
MYS.1T8.AG25T99,ZWE,2002,6.849999904632568,,
MYS.1T8.AG25T99,ZWE,2012,7.869999885559082,,
MYS.1T8.AG25T99,ZWE,2014,8.109999656677246,,
MYS.1T8.AG25T99,ZWE,2015,8.389049530029297,,
MYS.1T8.AG25T99,ZWE,2017,8.460000038146973,,
MYS.1T8.AG25T99,ZWE,2019,8.687459945678711,,
